"","cik","entityName","sic","n","mean_y","sd_y","se_y","y_lo","y_hi","sic_num","x","sic_division"
"1","0000002969","AIR PRODUCTS AND CHEMICALS, INC.",2810,68,375464705.882352,292115555.117667,35424214.3716494,306033245.71392,444896166.050785,2810,2810.34992229721,"Manufacturing"
"2","0000003545","ALICO, INC.",100,68,3508823.52941176,9243566.52261158,1120947.09206326,1311767.22896777,5705879.82985576,100,99.9036147188026,"Agriculture/Forestry/Fishing"
"3","0000004127","Skyworks Solutions, Inc.",3674,68,164759838.235294,116929669.657437,14179805.2578292,136967419.929949,192552256.540639,3674,3674.55924423969,"Manufacturing"
"4","0000006281","Analog Devices, Inc.",3674,68,303748308.823529,218513828.293611,26498693.9621365,251810868.657741,355685748.989316,3674,3673.35818156463,"Manufacturing"
"5","0000006845","APOGEE ENTERPRISES, INC.",3231,68,12668558.8235294,11583003.1155824,1404645.45021779,9915453.74110254,15421663.9059563,3231,3231.58358921703,"Manufacturing"
"6","0000006951","APPLIED MATERIALS INC /DE",3674,68,699499661.764705,616655776.861898,74780497.136733,552929887.376708,846069436.152702,3674,3673.50666139743,"Manufacturing"
"7","0000008858","AVNET, INC.",5065,68,80945691.1764706,189115348.690833,22933604.6493476,35995826.0637493,125895556.289192,5065,5065.51920434743,"Wholesale Trade"
"8","0000008947","AZZ Inc.",3470,68,13242343.9558824,13435438.9376958,1629286.29019577,10048942.8270986,16435745.0846661,3470,3469.18396719163,"Manufacturing"
"9","0000009092","BADGER METER, INC.",3824,68,11203794.1176471,7014742.9683634,850662.535150619,9536495.54875185,12871092.6865423,3824,3824.37990140784,"Manufacturing"
"10","0000010456","Baxter International Inc.",3841,68,384308823.529411,655737781.077866,79519886.2968291,228449846.387626,540167800.671196,3841,3841.19776491766,"Manufacturing"
"11","0000012208","BIO-RAD LABORATORIES, INC.",3826,68,78474161.7647058,829499617.544045,100591604.104222,-118685382.27957,275633705.808981,3826,3826.21892366908,"Manufacturing"
"12","0000014693","Brown-Forman Corporation",2080,68,186885294.117647,53189846.5922699,6450216.34442143,174242870.082581,199527718.152713,2080,2079.80517721897,"Manufacturing"
"13","0000014846","BRT APARTMENTS CORP.",6798,68,1700029.41176471,8176994.43373121,991606.227951808,-243518.795020837,3643577.61855025,6798,6797.33350058465,"Finance/Insurance/Real Estate"
"14","0000015357","CHASE GENERAL CORP",2060,68,380.220588235288,106950.18796685,12969.6153431467,-25040.2254843322,25800.6666608028,2060,2060.87113614919,"Manufacturing"
"15","0000016058","CACI International Inc",7373,68,58887779.4117647,33092008.0124174,4012995.4234995,51022308.3817057,66753250.4418237,7373,7373.26694466836,"Services"
"16","0000023217","CONAGRA BRANDS, INC.",2000,68,183838235.294117,249545494.329436,30261836.2210953,124525036.30077,243151434.287464,2000,1999.14160142716,"Manufacturing"
"17","0000024090","CITIZENS, INC.",6311,68,1263294.11764706,8059301.69386906,977333.886839455,-652280.300558273,3178868.53585239,6311,6312.92687267464,"Finance/Insurance/Real Estate"
"18","0000025895","Crown Crafts, Inc.",2211,68,1453529.41176471,772397.671734671,93666.9760453884,1269942.13871574,1637116.68481367,2211,2211.3223754445,"Manufacturing"
"19","0000029644","DONALDSON COMPANY, INC.",3564,68,63321617.6470588,24479237.3741256,2968543.56847316,57503272.2528514,69139963.0412662,3564,3564.41266004072,"Manufacturing"
"20","0000031667","EDUCATIONAL DEVELOPMENT CORPORATION",5190,68,676875,1195726.96333996,145003.193213227,392668.741302075,961081.258697925,5190,5190.36920126902,"Wholesale Trade"
"21","0000032621","EMERSON RADIO CORP",3651,68,1106397.05882353,2500240.10273704,303198.648029117,512127.708686462,1700666.4089606,3651,3651.7189616507,"Manufacturing"
"22","0000033002","ENNIS, INC.",2761,68,7666514.70588235,10359245.1109353,1256242.99394264,5204278.43775478,10128750.9740099,2761,2761.23624447279,"Manufacturing"
"23","0000034563","FARMER BROTHERS CO",2090,68,-4556882.35294118,13997349.7998296,1697427.99127693,-7883841.21584395,-1229923.4900384,2090,2090.45797522566,"Manufacturing"
"24","0000036840","FIRST REAL ESTATE INVESTMENT TRUST OF NEW JERSEY, INC.",6798,68,2056882.35294118,6996435.65869444,848442.447753972,393935.155343391,3719829.55053896,6798,6797.46852598611,"Finance/Insurance/Real Estate"
"25","0000037472","FLEXSTEEL INDUSTRIES, INC.",2510,68,2455838.23529412,5851343.15135715,709579.584258236,1065062.25014798,3846614.22044026,2510,2510.26963698828,"Manufacturing"
"26","0000037785","FMC CORPORATION",2800,68,117264705.882353,175647416.306463,21300377.9499525,75515965.1004459,159013446.66426,2800,2799.08389713728,"Manufacturing"
"27","0000038264","Forward Industries, Inc.",3089,68,-293400.705882353,731068.616526562,88655.0919268584,-467164.686058995,-119636.725705711,3089,3087.96737148452,"Manufacturing"
"28","0000038777","FRANKLIN RESOURCES, INC.",6282,68,365989749.999999,178218907.995101,21612217.1219423,323629804.440992,408349695.559006,6282,6279.58879606671,"Finance/Insurance/Real Estate"
"29","0000039020","FREQUENCY ELECTRONICS, INC.",3825,68,106382.352941177,2865256.71809342,347463.41450617,-574645.939490916,787410.645373269,3825,3825.49475233886,"Manufacturing"
"30","0000040570","GEE GROUP INC.",7361,68,-723338.235294117,4743107.12637271,575186.225754545,-1850703.23777303,404026.767184791,7361,7361.52041832007,"Services"
"31","0000046619","HEICO CORPORATION",3724,68,53005529.4117647,37706033.2163113,4572528.16687939,44043374.2046811,61967684.6188483,3724,3726.09695033716,"Manufacturing"
"32","0000047217","HP INC.",3570,68,1323382352.94117,562329855.644892,68192511.5077123,1189725030.38606,1457039675.49629,3570,3570.73762591898,"Manufacturing"
"33","0000048465","HORMEL FOODS CORPORATION",2011,68,172948485.294117,59968249.3166529,7272218.41517453,158694937.200375,187202033.387859,2011,2012.09031239194,"Manufacturing"
"34","0000050292","IEH Corporation",3678,68,263844.705882353,772921.811003923,93730.5372680254,80132.8528370231,447556.558927683,3678,3678.84411764136,"Manufacturing"
"35","0000054187","MAYS J W INC",6512,68,165950.720588235,389810.055406126,47271.4127166861,73298.7516635305,258602.68951294,6512,6511.94243323613,"Finance/Insurance/Real Estate"
"36","0000055242","KENNAMETAL INC.",3541,68,17590058.8235294,63053342.944479,7646340.97083474,2603230.52069334,32576887.1263655,3541,3541.52828775174,"Manufacturing"
"37","0000056679","KORN FERRY",7361,68,24239735.2941176,28141494.1719055,3412657.43921971,17550926.713247,30928543.8749883,7361,7359.88466229069,"Services"
"38","0000056701","KOSS CORPORATION",3651,68,23856.9264705879,1384991.54086462,167954.894516817,-305334.666782373,353048.519723549,3651,3651.89030749039,"Manufacturing"
"39","0000057131","LA-Z-BOY INCORPORATED",2510,68,18614264.7058824,12054236.8220357,1461790.9309842,15749154.4811533,21479374.9306114,2510,2509.9256058001,"Manufacturing"
"40","0000057515","Lancaster Colony Corporation",2030,68,29193102.9411765,10916138.6701918,1323776.25767913,26598501.4761254,31787704.4062276,2030,2030.40573880431,"Manufacturing"
"41","0000063296","MATTHEWS INTERNATIONAL CORP",3360,68,9398691.17647059,18163234.4358559,2202615.70829088,5081564.38822047,13715817.9647207,3360,3359.69219079299,"Manufacturing"
"42","0000065270","METHODE ELECTRONICS, INC.",3678,68,14073323.5294118,16918243.1804155,2051638.34213938,10052112.3788186,18094534.6800049,3678,3678.10707754631,"Manufacturing"
"43","0000065312","EVI Industries, Inc.",7200,68,666059.647058823,734959.970389855,89126.9878975941,491370.750779539,840748.543338108,7200,7199.83069048174,"Services"
"44","0000066004","MIDDLESEX WATER COMPANY",4941,68,6039676.47058823,3712064.53575999,450153.946177877,5157374.73607959,6921978.20509687,4941,4941.21577449385,"Transportation/Public Utilities"
"45","0000066740","3M COMPANY",3841,68,1056970588.23529,1182276755.87412,143372115.975929,775961240.922471,1337979935.54811,3841,3841.66446859728,"Manufacturing"
"46","0000066756","ALLETE, Inc.",4931,68,31089705.8823529,14982289.442109,1816869.46715857,27528641.7267221,34650770.0379837,4931,4932.78722889687,"Transportation/Public Utilities"
"47","0000067887","MOOG Inc.",3590,68,33075102.9411765,18974485.1684349,2300994.31003449,28565154.0935089,37585051.7888441,3590,3590.5474107626,"Manufacturing"
"48","0000069422","THE INTERGROUP CORPORATION",6513,68,45735.2941176472,2543202.36262143,308408.587306133,-558745.537002374,650216.125237669,6513,6513.27314517348,"Finance/Insurance/Real Estate"
"49","0000069891","National Beverage Corp.",2086,68,25037044.1176471,14332831.4660379,1738111.11907796,21630346.3242543,28443741.9110399,2086,2086.11084769746,"Manufacturing"
"50","0000070502","NATIONAL RURAL UTILITIES COOPERATIVE FINANCE CORPORATION",6159,68,43045823.5294117,145819994.864957,17683271.7986836,8386610.80399186,77705036.2548316,6159,6158.53965403843,"Finance/Insurance/Real Estate"
"51","0000072331","NORDSON CORPORATION",3569,68,74101500,35274785.1213612,4277696.02871584,65717215.783717,82485784.216283,3569,3568.70273791984,"Manufacturing"
"52","0000072573","MOVADO GROUP, INC.",3873,68,4583264.70588236,24438686.9927352,2963626.11242516,-1225442.47447096,10391971.8862357,3873,3873.72627212699,"Manufacturing"
"53","0000073290","BIOMERICA, INC.",2835,68,-496686.867647059,699674.53379788,84848.0001883368,-662988.948016199,-330384.787277918,2835,2834.36348340035,"Manufacturing"
"54","0000073309","NUCOR CORPORATION",3312,68,442284058.823529,603710757.990965,73210683.0152485,298791120.113642,585776997.533416,3312,3311.79105404088,"Manufacturing"
"55","0000074260","OLD REPUBLIC INTERNATIONAL CORPORATION",6351,68,113301470.588235,182788737.440572,22166390.3423757,69855345.5171789,156747595.659291,6351,6349.95875031704,"Finance/Insurance/Real Estate"
"56","0000078749","AGILYSYS, INC.",7373,68,94867.6470588303,15004990.956648,1819622.43016757,-3471592.3160696,3661327.61018727,7373,7372.83056048167,"Services"
"57","0000078814","PITNEY BOWES INC.",3579,68,50024088.235294,103585035.730868,12561530.6926985,25403488.077605,74644688.392983,3579,3580.84123273574,"Manufacturing"
"58","0000080172","NATIONAL PRESTO INDUSTRIES INC",3480,68,10592014.7058824,4245422.91018783,514833.149532986,9582941.7327977,11601087.678967,3480,3479.16797361336,"Manufacturing"
"59","0000080420","Powell Industries, Inc.",3613,68,7349308.82352941,10683817.6644999,1295603.19751684,4809926.5563964,9888691.09066243,3613,3612.51149811281,"Manufacturing"
"60","0000080424","PROCTER & GAMBLE CO",2840,68,2.955e+09,1351464457.21095,163889138.422023,2633777288.69283,3276222711.30716,2840,2839.45222124876,"Manufacturing"
"61","0000089439","MUELLER INDUSTRIES, INC.",3350,68,53550191.1764706,51313552.5286659,6222682.26768734,41353733.9318034,65746648.4211378,3350,3349.63496810105,"Manufacturing"
"62","0000090168","SIFCO Industries, Inc.",3724,68,4014.70588235315,2436401.3620082,295457.063587016,-575081.138748199,583110.550512905,3724,3724.22010043776,"Manufacturing"
"63","0000091767","SONOCO PRODUCTS COMPANY",2650,68,63472602.9411765,27572208.7682938,3343621.4436252,56919104.9116711,70026100.9706819,2650,2649.88899570132,"Manufacturing"
"64","0000095029","STURM, RUGER & COMPANY, INC.",3480,68,15167764.7058823,10113450.126747,1226435.97388218,12763950.1970733,17571579.2146914,3480,3480.26236380132,"Manufacturing"
"65","0000096793","SUNLINK HEALTH SYSTEMS, INC.",8062,68,-866794.11764706,2408007.04465935,292013.746834174,-1439141.06144204,-294447.173852078,8062,8061.05455690216,"Services"
"66","0000096885","TEL-INSTRUMENT ELECTRONICS CORP.",3670,68,-124979.294117647,869622.879758774,105457.264344095,-331675.532232073,81716.943996779,3670,3669.72656817451,"Manufacturing"
"67","0000098362","TIMKEN CO",3562,68,57600000,61491688.5537715,7456962.55896424,42984353.3844301,72215646.6155699,3562,3562.82880560005,"Manufacturing"
"68","0000099780","TRINITY INDUSTRIES INC",3743,68,40988235.2941176,118861190.243464,14414036.5341306,12736723.6872217,69239746.9010135,3743,3741.93709091697,"Manufacturing"
"69","0000100378","TWIN DISC INC",3560,68,585117.647058822,5675631.60672064,688271.429605979,-763894.354968897,1934129.64908654,3560,3559.78122832538,"Manufacturing"
"70","0000100493","TYSON FOODS, INC.",2015,68,308794117.647058,331651208.567051,40218616.5819325,229965629.146471,387622606.147646,2015,2015.75544856014,"Manufacturing"
"71","0000100726","UNIFI, INC.",2200,68,2715764.70588235,10016144.0105129,1214635.87402183,335078.392799567,5096451.01896514,2200,2200.51843888255,"Manufacturing"
"72","0000102037","UNIVERSAL CORPORATION",5150,68,30226882.3529412,17833347.9663087,2162611.09774954,25988164.6013521,34465600.1045303,5150,5149.73231389268,"Wholesale Trade"
"73","0000103595","VILLAGE SUPER MARKET, INC.",5411,68,6025323.52941177,4135131.35181357,501458.333509721,5042465.19573271,7008181.86309082,5411,5412.56659641023,"Retail Trade"
"74","0000104894","ELME COMMUNITIES",6798,68,18680117.6470588,45818404.7865045,5556297.72153129,7789774.11285749,29570461.1812601,6798,6797.86240660662,"Finance/Insurance/Real Estate"
"75","0000105132","WD-40 COMPANY",2890,68,13132632.3529412,3976624.50013288,482236.554337262,12187448.7064401,14077815.9994422,2890,2890.37117254274,"Manufacturing"
"76","0000107140","JOHN WILEY & SONS, INC.",2731,68,22705470.5882353,44942612.1591267,5450092.26538965,12023289.7480716,33387651.428399,2731,2731.98600740447,"Manufacturing"
"77","0000108312","WOODWARD, INC.",3620,68,46948073.5294118,21576554.8162996,2616541.60425096,41819651.9850799,52076495.0737437,3620,3619.50401959058,"Manufacturing"
"78","0000108385","WORLD ACCEPTANCE CORPORATION",6141,68,18915661.7647059,12013661.7165256,1456870.4766963,16060195.6303811,21771127.8990306,6141,6139.87694923684,"Finance/Insurance/Real Estate"
"79","0000109177","Spectrum Brands Holdings, Inc.",3690,68,68649852.9411763,345833563.722397,41938479.767977,-13549567.4040586,150849273.286411,3690,3689.06714309057,"Manufacturing"
"80","0000109380","ZIONS BANCORPORATION, NATIONAL ASSOCIATION",6021,68,100458808.823529,108225690.81795,13124292.7837602,74735194.9673592,126182422.679699,6021,6021.22807226958,"Finance/Insurance/Real Estate"
"81","0000109563","APPLIED INDUSTRIAL TECHNOLOGIES, INC.",5080,68,32523602.9411765,35865017.8179071,4349272.25670266,23999029.3180392,41048176.5643137,5080,5079.59769388167,"Wholesale Trade"
"82","0000110621","RPM INTERNATIONAL INC/DE/",2851,68,70679352.9411764,54422664.9524836,6599717.53019677,57743906.5819907,83614799.3003621,2851,2851.60839185496,"Manufacturing"
"83","0000205402","GRAYBAR ELECTRIC COMPANY, INC.",5063,68,40277852.9411765,36951942.469599,4481081.23158541,31494933.7272691,49060772.1550839,5063,5062.66500221458,"Wholesale Trade"
"84","0000216877","PISMO COAST VILLAGE, INC.",7000,68,294202.397058823,268895.824360331,32608.4084154465,230289.916564548,358114.877553099,7000,6999.13066860788,"Services"
"85","0000276720","PURE CYCLE CORPORATION",4941,68,273478.823529411,2600649.01487422,315375.017161321,-344656.210106778,891613.8571656,4941,4940.62970333172,"Transportation/Public Utilities"
"86","0000278166","CAVCO INDUSTRIES INC.",2451,68,17388779.4117647,20763592.9933957,2517955.50232662,12453586.6272045,22323972.1963249,2451,2449.03017423352,"Manufacturing"
"87","0000310764","STRYKER CORP",3841,68,434626470.588235,300042548.533771,36385503.5230663,363310883.683025,505942057.493444,3841,3840.78320593905,"Manufacturing"
"88","0000313143","HAEMONETICS CORPORATION",3841,68,6754661.76470588,19302612.2635596,2340785.56508821,2166722.05713299,11342601.4722788,3841,3841.75090178825,"Manufacturing"
"89","0000315189","DEERE & CO",3523,68,915573529.411763,709098783.009087,85990858.274806,747031447.193143,1084115611.63038,3523,3522.17005691332,"Manufacturing"
"90","0000316253","ENZO BIOCHEM, INC.",2836,68,-1880558.82352941,6979680.896316,846410.634371077,-3539523.66689672,-221593.980162099,2836,2836.17538759049,"Manufacturing"
"91","0000318299","SPARTA COMMERCIAL SERVICES, INC.",7389,68,-805997.161764706,919130.926264159,111460.996845851,-1024460.71558257,-587533.607946838,7389,7387.59328898041,"Services"
"92","0000320187","NIKE, Inc.",3021,68,854574999.999998,486169866.93431,58956756.2753718,739019757.70027,970130242.299727,3021,3020.67156043388,"Manufacturing"
"93","0000320193","Apple Inc.",3571,68,13446926470.5882,8575267837.62757,1039903972.42648,11408714684.6323,15485138256.5441,3571,3571.04667135144,"Manufacturing"
"94","0000355019","FONAR CORPORATION",3845,68,2364132.35294118,1385427.76307495,168007.794230036,2034837.07625031,2693427.62963205,3845,3845.03567807656,"Manufacturing"
"95","0000356309","NEW JERSEY RESOURCES CORPORATION",4924,68,32686397.0588235,58778505.1734227,7127940.7454687,18715633.1977049,46657160.9199422,4924,4922.91046055575,"Transportation/Public Utilities"
"96","0000703351","BRINKER INTERNATIONAL, INC.",5812,68,33862250,21912346.2897437,2657262.30169777,28654015.8886724,39070484.1113277,5812,5811.02031100282,"Retail Trade"
"97","0000704172","PHI GROUP, INC.",8741,68,-414482.485294117,621936.058694751,75420.8253640825,-562307.303007719,-266657.667580516,8741,8739.60048630709,"Services"
"98","0000706863","UNION BANKSHARES, INC.",6022,68,2150558.82352941,776749.222527517,94194.6790910986,1965937.25251086,2335180.39454796,6022,6020.71327923308,"Finance/Insurance/Real Estate"
"99","0000707549","LAM RESEARCH CORPORATION",3559,68,450164088.235293,422258324.455777,51206343.3243383,349799655.31959,550528521.150996,3559,3558.87183087412,"Manufacturing"
"100","0000707605","AMERISERV FINANCIAL INC /PA/",6021,68,1037485.29411765,1059365.36186991,128466.92009148,785690.130738347,1289280.45749695,6021,6022.35879879057,"Finance/Insurance/Real Estate"
"101","0000711377","Neogen Corporation",2835,68,893264.705882358,56818248.4640797,6890224.70235262,-12611575.7107288,14398105.1224935,2835,2834.95219526826,"Manufacturing"
"102","0000711404","The Cooper Companies, Inc.",3851,68,125493000,261721438.874383,31738386.3814034,63285762.6924492,187700237.307551,3851,3850.34692099768,"Manufacturing"
"103","0000712515","ELECTRONIC ARTS INC.",7372,68,153147058.823529,347698714.351044,42164662.50473,70504320.3142585,235789797.3328,7372,7372.80244605298,"Services"
"104","0000712770","ONE LIBERTY PROPERTIES, INC.",6798,68,6197382.35294118,4620155.66394542,560276.170860079,5099241.05805542,7295523.64782693,6798,6797.8714299329,"Finance/Insurance/Real Estate"
"105","0000713425","LOGILITY SUPPLY CHAIN SOLUTIONS, INC.",7372,68,2076426.47058823,1577842.6450135,191341.526058664,1701397.07951325,2451455.86166322,7372,7373.22339623927,"Services"
"106","0000715446","ANIXA BIOSCIENCES, INC.",2834,68,-2102374.25,1427556.4697943,173116.650338111,-2441682.8846627,-1763065.6153373,2834,2833.63508753682,"Manufacturing"
"107","0000716314","GRAHAM CORP",3560,68,951808.823529411,2372564.57539065,287715.716115716,387886.019942607,1515731.62711622,3560,3560.05085630953,"Manufacturing"
"108","0000717423","MURPHY OIL CORPORATION",1311,68,109254220.588235,337027231.8961,40870555.1710928,29147932.4528932,189360508.723577,1311,1310.39469338665,"Mining"
"109","0000720005","RAYMOND JAMES FINANCIAL, INC.",6211,68,191144235.294117,145553184.223552,17650916.2558439,156548439.432663,225740031.155571,6211,6209.00620459151,"Finance/Insurance/Real Estate"
"110","0000720154","INOTIV, INC.",8731,68,-4948544.11764706,16263082.5201659,1972188.44202295,-8814033.46401205,-1083054.77128208,8731,8732.1204103964,"Services"
"111","0000720762","NON INVASIVE MONITORING SYSTEMS INC /FL/",3845,68,-154220.588235294,165132.768436762,20025.289603395,-193470.155857948,-114971.02061264,3845,3844.00798706562,"Manufacturing"
"112","0000720875","Dynatronics Corporation",3841,68,-347408.294117647,654628.221444131,79385.3324271876,-503003.545674935,-191813.042560359,3841,3842.42992651068,"Manufacturing"
"113","0000721371","Cardinal Health, Inc.",5122,68,121625000,729618254.586171,88479209.7069876,-51794251.0256957,295044251.025696,5122,5121.79472598567,"Wholesale Trade"
"114","0000723125","Micron Technology, Inc.",3674,68,610764705.882352,1308587732.73255,158689571.836583,299733145.082648,921796266.682055,3674,3673.93386089446,"Manufacturing"
"115","0000723254","Cintas Corporation",2320,68,183253544.117647,116175654.430955,14088367.4807083,155640343.855459,210866744.379835,2320,2321.09640948258,"Manufacturing"
"116","0000725363","CEL-SCI CORPORATION",2836,68,-5467137.35294118,4067262.16264694,493227.985402101,-6433864.2043293,-4500410.50155306,2836,2834.90339412419,"Manufacturing"
"117","0000729986","UNITED BANKSHARES INC/WV",6022,68,47742750,32126968.9050511,3895967.2419547,40106654.2057688,55378845.7942312,6022,6021.37531342037,"Finance/Insurance/Real Estate"
"118","0000730263","THOR Industries, Inc.",3716,68,69478514.7058823,74054985.1671327,8980486.05728345,51876762.0336068,87080267.3781579,3716,3715.70352503624,"Manufacturing"
"119","0000730464","Adtalem Global Education Inc.",8200,68,13090220.5882353,59484587.2707502,7213565.77686985,-1048368.33442962,27228809.5109002,8200,8200.4850511471,"Services"
"120","0000731653","UNITED BANCORP INC /OH/",6022,68,1221132.35294118,668943.294663291,81121.2900425125,1062134.62445785,1380130.0814245,6022,6023.08780214,"Finance/Insurance/Real Estate"
"121","0000732026","TRIO-TECH INTERNATIONAL",3559,68,133385.102941176,438251.583990093,53145.8109231,29219.3135319002,237550.892350452,3559,3559.62432215373,"Manufacturing"
"122","0000733590","Transcontinental Realty Investors, Inc.",6798,68,5097279.41176469,47347462.7878109,5741723.24056312,-6156498.13973902,16351056.9632684,6798,6799.43733289528,"Finance/Insurance/Real Estate"
"123","0000746514","New England Realty Associates Limited Partnership",6513,68,1141964.70588235,1154424.82014664,139994.572655861,867575.343476866,1416354.06828784,6513,6515.03199570256,"Finance/Insurance/Real Estate"
"124","0000746598","BRADY CORP",3990,68,24966897.0588235,18493115.5848338,2242619.6736184,20571362.4985315,29362431.6191156,3990,3990.56763985387,"Manufacturing"
"125","0000750558","QNB Corp.",6022,68,2542294.11764706,907939.50845288,110103.8380889,2326490.59499281,2758097.6403013,6022,6022.91159595728,"Finance/Insurance/Real Estate"
"126","0000763532","LSI INDUSTRIES INC.",3640,68,1298558.82352941,3772636.07266678,457499.323959427,401860.148568933,2195257.49848989,3640,3641.09166982783,"Manufacturing"
"127","0000765207","FIRST BANCORP, INC",6021,68,5123058.82352941,2215460.40417298,268664.03693467,4596477.31113746,5649640.33592137,6021,6021.47686940988,"Finance/Insurance/Real Estate"
"128","0000768408","Cyanotech Corp",2833,68,-346338.235294118,698260.687971898,84676.5461977821,-512304.26584177,-180372.204746465,2833,2832.45468846872,"Manufacturing"
"129","0000771497","ABM INDUSTRIES INCORPORATED",7340,68,27750000,23700321.1767393,2874086.10508115,22116791.2340409,33383208.7659591,7340,7340.35096568154,"Services"
"130","0000771856","CHAMPIONS ONCOLOGY, INC.",2836,68,-879384.117647059,1358184.90648367,164704.112604465,-1202204.17835181,-556564.056942308,2836,2836.82226304038,"Manufacturing"
"131","0000772406","CIRRUS LOGIC, INC.",3674,68,45346720.5882353,39765114.1061608,4822228.4021894,35895152.9199441,54798288.2565265,3674,3674.7493165522,"Manufacturing"
"132","0000775057","ALTEX INDUSTRIES INC",1311,68,-24367.6470588235,120640.195822588,14629.7726491685,-53042.0014511937,4306.70733354676,1311,1311.96651796978,"Mining"
"133","0000779152","JACK HENRY & ASSOCIATES, INC.",7373,68,60472058.8235294,24392028.6574598,2957967.95817058,54674441.6255151,66269676.0215437,7373,7374.25977388144,"Services"
"134","0000779544","ARK RESTAURANTS CORP.",5812,68,1635750,1807802.14026818,219228.211015982,1206062.70640868,2065437.29359132,5812,5812.6396224325,"Retail Trade"
"135","0000783412","DAILY JOURNAL CORPORATION",2711,68,3273996.75,14795724.661197,1794245.16428445,-242723.77199753,6790717.27199753,2711,2711.31254456819,"Manufacturing"
"136","0000785786","PLEXUS CORP.",3672,68,22101014.7058824,18308877.2192516,2220277.49004233,17749270.8253994,26452758.5863653,3672,3671.97423932463,"Manufacturing"
"137","0000785956","J&J SNACK FOODS CORP.",2052,68,14112514.7058824,8579855.30353696,1040460.28438232,12073212.548493,16151816.8632717,2052,2053.52452216199,"Manufacturing"
"138","0000788329","Johnson Outdoors Inc.",3949,68,6106661.76470588,9140277.52054313,1108421.46072524,3934155.70168442,8279167.82772734,3949,3949.84063763206,"Manufacturing"
"139","0000788920","PRO-DEX, INC.",3841,68,623602.941176471,816514.582767398,99016.9373413857,429529.743987355,817676.138365587,3841,3842.45310652788,"Manufacturing"
"140","0000789019","MICROSOFT CORPORATION",7372,68,9140676470.58822,6774980408.49989,821587053.992216,7530365844.76348,10750987096.413,7372,7371.3282888312,"Services"
"141","0000792966","FARMERS & MERCHANTS BANCORP, INC.",6035,68,3642117.64705882,2040937.36533882,247500.009781229,3157017.62788761,4127217.66623003,6035,6034.46463853181,"Finance/Insurance/Real Estate"
"142","0000794619","American Woodmark Corp",2430,68,9345161.76470588,15452822.9132533,1873930.03192083,5672258.90214105,13018064.6272707,2430,2429.44274520668,"Manufacturing"
"143","0000800240","The ODP Corporation",5940,68,2632352.94117649,91247065.6918133,11065332.0551476,-19055697.8869129,24320403.7692659,5940,5940.13844593484,"Retail Trade"
"144","0000804328","QUALCOMM INC/DE",3663,68,1303514705.88235,1285127980.06799,155844658.948735,998059174.34283,1608970237.42187,3663,3664.06079652774,"Manufacturing"
"145","0000807863","MITEK SYSTEMS, INC.",3577,68,-32872.5147058828,2584199.06360578,313380.167554967,-647097.643113618,581352.613701853,3577,3576.02829094025,"Manufacturing"
"146","0000807882","JACK IN THE BOX INC.",5812,68,21018132.3529412,27288664.0665031,3309236.59788793,14532028.6210809,27504236.0848015,5812,5811.1344733266,"Retail Trade"
"147","0000810136","PHOTRONICS, INC.",3674,68,12585058.8235294,11349446.553516,1376322.55683672,9887466.61212943,15282651.0349294,3674,3674.36666769959,"Manufacturing"
"148","0000812011","Vail Resorts, Inc.",7990,68,54039455.8823528,155381611.921028,18842788.1832098,17107591.0432617,90971320.7214439,7990,7989.88726030362,"Services"
"149","0000817720","SYNAPTICS INCORPORATED",3674,68,17844397.0588235,27811518.8678273,3372642.05590913,11234018.6292416,24454775.4884054,3674,3674.55878545247,"Manufacturing"
"150","0000820771","GOLIATH FILM AND MEDIA HOLDINGS",7822,68,-19041.9411764706,26983.0296595551,3272.17298192705,-25455.4002210476,-12628.4821318936,7822,7822.84089693426,"Services"
"151","0000823277","CHS Inc.",5150,68,244399014.705882,158975343.903695,19278592.1995244,206612973.994814,282185055.41695,5150,5150.22496834532,"Wholesale Trade"
"152","0000825324","Good Times Restaurants Inc.",5812,68,279367.647058824,3285050.50691272,398370.888985,-501439.295351775,1060174.58946942,5812,5811.57793368341,"Retail Trade"
"153","0000827054","MICROCHIP TECHNOLOGY INCORPORATED",3674,68,100638911.764706,198968197.074774,24128438.0199413,53347173.2456209,147930650.283791,3674,3673.70514705425,"Manufacturing"
"154","0000828530","ADMIRAL FINANCIAL CORP.",6035,68,0,0,0,0,0,6035,6037.06882994758,"Finance/Insurance/Real Estate"
"155","0000829224","Starbucks Corporation",5810,68,573423529.411764,468517143.832505,56816049.1598271,462064073.058503,684782985.765025,5810,5810.17517708475,"Retail Trade"
"156","0000833444","JOHNSON CONTROLS INTERNATIONAL PLC",3585,68,433779411.764705,820508630.851095,99501286.8155881,238756889.606152,628801933.923258,3585,3585.29561940175,"Manufacturing"
"157","0000834071","TOYOTA MOTOR CREDIT CORPORATION",6141,68,399367647.058823,390613826.337118,47368884.2592532,306524633.910686,492210660.206959,6141,6140.50848122108,"Finance/Insurance/Real Estate"
"158","0000836157","Lindsay Corporation",3523,68,12089705.8823529,6494792.9638709,787609.335487003,10545991.5847984,13633420.1799075,3523,3522.96658291343,"Manufacturing"
"159","0000849146","LIFEVANTAGE CORP",2834,68,772573.529411765,6355494.30494469,770716.891832308,-738031.578579559,2283178.63740309,2834,2834.56514473563,"Manufacturing"
"160","0000849401","ADM TRONICS UNLIMITED, INC.",3845,68,-7356.99999999998,159276.443848189,19315.1059311425,-45214.6076250392,30500.6076250393,3845,3845.60388986768,"Manufacturing"
"161","0000854775","DIGI INTERNATIONAL INC.",3576,68,2905352.94117647,2482550.53466297,301053.472804383,2315288.13447988,3495417.74787306,3576,3575.80987944265,"Manufacturing"
"162","0000857005","PTC Inc.",7372,68,26710367.6470588,30787131.9348403,3733488.14344627,19392730.8859041,34028004.4082135,7372,7371.46312109338,"Services"
"163","0000858877","CISCO SYSTEMS, INC.",3576,68,2249823529.41176,1469903935.7501,178252034.900258,1900449541.00726,2599197517.81627,3576,3574.41257999541,"Manufacturing"
"164","0000859070","FIRST COMMUNITY BANKSHARES INC /VA/",6022,68,8377882.35294117,2664546.33101616,323123.704915636,7744559.89130653,9011204.81457582,6022,6021.46385149455,"Finance/Insurance/Real Estate"
"165","0000862668","Escalon Medical Corp.",3845,68,-248410.205882353,797303.837264655,96687.2922574249,-437917.298706906,-58903.1130578001,3845,3843.95940441943,"Manufacturing"
"166","0000863894","VERU INC.",2834,68,-3262970.69117647,8295949.78006028,1006031.68258847,-5234792.78904988,-1291148.59330306,2834,2833.70816923439,"Manufacturing"
"167","0000866273","MATRIX SERVICE CO",1700,68,-541632.352941174,9244065.75908786,1121007.63337867,-2738807.31436337,1655542.60848102,1700,1701.0447074529,"Construction"
"168","0000866706","ESCO TECHNOLOGIES INC.",3669,68,12868867.6470588,20364146.1367214,2469515.45580047,8028617.3536899,17709117.9404277,3669,3668.92852709702,"Manufacturing"
"169","0000866787","AUTOZONE INC",5531,68,366261705.882352,165618578.78946,20084202.7621654,326896668.468508,405626743.296196,5531,5531.06660568168,"Retail Trade"
"170","0000867840","PRECISION OPTICS CORPORATION, INC.",3845,68,-235767.235294118,392879.436078255,47643.6297965808,-329148.749695416,-142385.720892819,3845,3845.08193164213,"Manufacturing"
"171","0000868671","GLACIER BANCORP, INC.",6022,68,35559602.9411765,23690143.160382,2872851.83930173,29928813.3361451,41190392.5462079,6022,6021.78551575334,"Finance/Insurance/Real Estate"
"172","0000868857","AECOM",8711,68,31775455.882353,97689241.9707456,11846560.6803502,8556196.94886663,54994714.8158393,8711,8710.73252018864,"Services"
"173","0000874015","IONIS PHARMACEUTICALS, INC.",2834,68,-22934485.2941176,66341398.1580652,8045076.23402528,-38702834.7128072,-7166135.87542808,2834,2833.20984399626,"Manufacturing"
"174","0000874866","CORVEL CORPORATION",6411,68,10091573.5294118,4163419.12201468,504888.729523026,9101991.61954664,11081155.4392769,6411,6409.45194325326,"Finance/Insurance/Real Estate"
"175","0000875582","NORTHERN TECHNOLOGIES INTERNATIONAL CORPORATION",3470,68,875435.44117647,673801.342868204,81710.4149214302,715283.027930467,1035587.85442247,3470,3470.38471141058,"Manufacturing"
"176","0000879407","Arrowhead Pharmaceuticals, Inc.",2834,68,-15313395.1764706,39059160.8847838,4736618.99929287,-24597168.4150846,-6029621.93785658,2834,2833.42364664905,"Manufacturing"
"177","0000879526","WABASH NATIONAL CORPORATION",3715,68,-8366588.23529407,70400602.0009528,8537327.0046176,-25099749.1643446,8366572.69375643,3715,3715.74311611144,"Manufacturing"
"178","0000880117","SANFILIPPO JOHN B & SON INC",2060,68,8376014.70588235,5713350.5800473,692845.526991734,7018037.47297855,9733991.93878615,2060,2059.72674935147,"Manufacturing"
"179","0000880641","EAGLE FINANCIAL SERVICES, INC.",6022,68,2079544.11764706,949873.619776321,115189.096038987,1853773.48941064,2305314.74588347,6022,6022.57377351153,"Finance/Insurance/Real Estate"
"180","0000882835","ROPER TECHNOLOGIES, INC.",3823,68,258432500,328284619.78119,39810357.7242229,180404198.860523,336460801.139476,3823,3821.94729182531,"Manufacturing"
"181","0000885275","WILSON BANK HOLDING CO",6021,68,7082705.88235294,3798701.5105079,460660.222588748,6179811.846079,7985599.91862689,6021,6022.42904638115,"Finance/Insurance/Real Estate"
"182","0000886128","FUELCELL ENERGY, INC.",3620,68,-15562602.9411765,10741273.8302637,1302570.78105471,-18115641.6720437,-13009564.2103093,3620,3620.16550568951,"Manufacturing"
"183","0000887343","COLUMBIA BANKING SYSTEM, INC.",6022,68,38240779.4117647,37573027.7653808,4556398.88679206,29310237.5936523,47171321.2298771,6022,6021.72298658442,"Finance/Insurance/Real Estate"
"184","0000889971","LIGHTPATH TECHNOLOGIES, INC.",3674,68,-179714.764705882,815571.705707713,98902.5967028842,-373563.854243535,14134.3248317706,3674,3672.58873913241,"Manufacturing"
"185","0000890066","GLEN BURNIE BANCORP",6022,68,366081.044117647,258346.667542378,31329.1352442221,304675.939038972,427486.149196322,6022,6021.58517442384,"Finance/Insurance/Real Estate"
"186","0000891024","PATTERSON COMPANIES, INC.",5047,68,32823264.7058824,81220205.7592238,9849396.68469645,13518447.2038773,52128082.2078874,5047,5045.17433642801,"Wholesale Trade"
"187","0000891166","UNIVERSAL INSURANCE HOLDINGS, INC.",6331,68,14566838.2352941,19866732.1521753,2409195.14997863,9844815.74133601,19288860.7292522,6331,6332.87227582904,"Finance/Insurance/Real Estate"
"188","0000896156","Ethan Allen Interiors Inc.",2511,68,9247970.5882353,9475343.46870172,1149054.17530775,6995824.4046321,11500116.7718385,2511,2510.09500052234,"Manufacturing"
"189","0000896429","Cantaloupe, Inc.",3578,68,-287554.63235294,6153427.07572931,746212.640963752,-1750131.40864189,1175022.14393601,3578,3577.38006088194,"Manufacturing"
"190","0000896878","INTUIT INC.",7372,68,357147058.823529,636616364.82372,77201073.9754396,205832953.831667,508461163.81539,7372,7372.10950076424,"Services"
"191","0000900075","COPART, INC.",5500,68,135129735.294117,112831358.995073,13682812.0887845,108311423.6001,161948046.988135,5500,5500.84730692465,"Retail Trade"
"192","0000909832","COSTCO WHOLESALE CORP /NEW",5331,68,772691176.470587,440354411.448525,53400816.2090873,668025576.700776,877356776.240398,5331,5331.16077071838,"Retail Trade"
"193","0000910521","DECKERS OUTDOOR CORP",3021,68,64313499.9999999,99633463.4926302,12082332.1713599,40632128.9441346,87994871.0558652,3021,3020.7371666959,"Manufacturing"
"194","0000911216","PALATIN TECHNOLOGIES, INC.",2834,68,-4683655.75,8247237.60383674,1000124.46353485,-6643899.6985283,-2723411.8014717,2834,2833.82997417218,"Manufacturing"
"195","0000912603","RADIUS RECYCLING, INC.",5090,68,-10328911.7647059,55720035.2765141,6757046.79141793,-23572723.475885,2914899.94647329,5090,5091.14230316803,"Wholesale Trade"
"196","0000912728","FORWARD AIR CORPORATION",4731,68,-2780470.58823528,114289863.728411,13859681.7673438,-29945446.8522291,24384505.6757585,4731,4730.46078442763,"Transportation/Public Utilities"
"197","0000912767","UFP INDUSTRIES, INC.",2421,68,47626294.117647,54011496.5061844,6549856.03213758,34788576.2946574,60464011.9406367,2421,2422.05028647697,"Manufacturing"
"198","0000913778","BF GARDEN TAX CREDIT FUND IV L.P.",6513,68,576922.882352942,2525035.49880506,306205.531470807,-23239.9593298401,1177085.72403572,6513,6514.07564468744,"Finance/Insurance/Real Estate"
"199","0000915358","SIGMATRON INTERNATIONAL, INC.",3672,68,-418525.220588234,4438268.57303156,538219.121219661,-1473434.69817877,636384.257002303,3672,3672.55025548129,"Manufacturing"
"200","0000915779","Daktronics, Inc.",3990,68,2224264.70588235,6509371.16576257,789377.202140854,677085.38968628,3771444.02207843,3990,3990.21924177973,"Manufacturing"
"201","0000915840","BEAZER HOMES USA, INC.",1531,68,-4023749.99999998,33947361.9911834,4116722.32943316,-12092525.765689,4045025.76568902,1531,1530.66338703439,"Construction"
"202","0000918646","EAGLE MATERIALS INC",3241,68,49232161.7647059,52445907.31542,6360000.45567148,36766560.8715898,61697762.657822,3241,3241.80148967457,"Manufacturing"
"203","0000918965","ScanSource, Inc.",5045,68,14485705.8823529,7224683.11768826,876121.517818982,12768507.7074277,16202904.0572782,5045,5044.66352070633,"Wholesale Trade"
"204","0000920427","Unity Bancorp, Inc.",6022,68,4354867.64705882,3442669.22607033,417484.966269158,3536597.11317127,5173138.18094637,6022,6022.4590711581,"Finance/Insurance/Real Estate"
"205","0000926282","ADTRAN Holdings, Inc.",3661,68,-8609014.70588235,44989718.6150288,5455804.76225238,-19302392.039897,2084362.62813232,3661,3662.45222201576,"Manufacturing"
"206","0000927653","McKESSON CORPORATION",5122,68,332058823.529411,973036927.438927,117998059.689917,100782626.537175,563335020.521648,5122,5123.36449849613,"Wholesale Trade"
"207","0000928465","AMCON DISTRIBUTING CO",5141,68,1753337.38235294,1120527.45386358,135883.913196587,1487004.91248763,2019669.85221825,5141,5140.41011331959,"Wholesale Trade"
"208","0000933034","STRATTEC SECURITY CORP",3714,68,1771235.29411765,3887960.30290237,471484.441090439,847125.789580387,2695344.79865491,3714,3712.97669117279,"Manufacturing"
"209","0000933974","Azenta, Inc.",3559,68,10004102.9411765,25779406.194972,3126212.19728153,3876727.03450468,16131478.8478483,3559,3558.56179711945,"Manufacturing"
"210","0000935419","RCI HOSPITALITY HOLDINGS, INC.",5812,68,3413397.05882353,4623868.89158401,560726.465853192,2314373.18575127,4512420.93189579,5812,5812.60804403608,"Retail Trade"
"211","0000935703","DOLLAR TREE, INC.",5331,68,85985294.117647,617799398.748446,74919181.6612625,-60856301.9384275,232826890.173721,5331,5331.18496994264,"Retail Trade"
"212","0000936395","Ciena Corp",3661,68,10328338.2352941,87667700.7270322,10631270.2956645,-10508951.5442082,31165628.0147965,3661,3662.01438645663,"Manufacturing"
"213","0000936528","WAFD, INC.",6021,68,42954485.2941177,11676650.7893529,1416001.89876335,40179121.5725415,45729849.0156938,6021,6023.00658741346,"Finance/Insurance/Real Estate"
"214","0000939930","Pyxus International, Inc.",5150,68,-6547382.35294117,33288530.2850425,4036827.24961184,-14459563.7621804,1364799.05629803,5150,5148.78377376994,"Wholesale Trade"
"215","0000946581","TAKE-TWO INTERACTIVE SOFTWARE, INC.",7372,68,-1782838.23529408,145923731.177811,17695851.6744221,-36466707.5171613,32901031.0465732,7372,7371.27572050445,"Services"
"216","0000946647","PREMIER FINANCIAL CORP.",6022,68,10389220.5882353,11449159.4136414,1388414.51726406,7667928.13439773,13110513.0420729,6022,6023.33624302263,"Finance/Insurance/Real Estate"
"217","0000946673","BANNER CORPORATION",6022,68,21112426.4705882,20451988.609888,2480167.92036758,16251297.3466678,25973555.5945087,6022,6021.48194658065,"Finance/Insurance/Real Estate"
"218","0000949961","Income Opportunity Realty Investors, Inc.",6798,68,966161.764705882,900166.760840574,109161.2539887,752205.70688803,1180117.82252373,6798,6796.85631967359,"Finance/Insurance/Real Estate"
"219","0001000230","OPTICAL CABLE CORPORATION",3357,68,-289271.941176471,1041216.15632626,126266.005636259,-536753.312223538,-41790.5701294031,3357,3357.87001765364,"Manufacturing"
"220","0001002047","NetApp, Inc.",3572,68,150914705.882353,151797756.521586,18408181.878538,114834669.400418,186994742.364287,3572,3571.92619163098,"Manufacturing"
"221","0001002590","STAR GROUP, L.P.",5990,68,6881602.94117648,32570340.6569786,3949733.9644433,-859875.629132383,14623081.5114853,5990,5991.11424507173,"Retail Trade"
"222","0001003078","MSC INDUSTRIAL DIRECT CO., INC.",5084,68,60134132.3529412,17787060.3797359,2156997.90337912,55906416.4623181,64361848.2435642,5084,5085.18261239536,"Wholesale Trade"
"223","0001005210","SUBURBAN PROPANE PARTNERS LP",5900,68,22346750,56224766.796003,6818254.47869532,8982971.22175715,35710528.7782428,5900,5898.12311726904,"Retail Trade"
"224","0001005286","LIFECORE BIOMEDICAL, INC.",2834,68,-524205.882352941,10821717.4935044,1312326.00812685,-3096364.85828157,2047953.09357569,2834,2833.03036865027,"Manufacturing"
"225","0001005731","IDT CORPORATION",4813,68,8706779.41176471,12821512.6937731,1554836.79754777,5659299.28857108,11754259.5349583,4813,4813.55605399656,"Transportation/Public Utilities"
"226","0001006028","PURE Bioscience, Inc.",2890,68,-1648088.23529412,1386878.16223144,168183.680963021,-1977728.24998164,-1318448.2206066,2890,2888.53552428546,"Manufacturing"
"227","0001016178","CARVER BANCORP, INC.",6035,68,-305750,1468941.05807195,178135.268830507,-654895.126907794,43395.126907793,6035,6033.89593472094,"Finance/Insurance/Real Estate"
"228","0001017303","TRANSACT TECHNOLOGIES INC",3577,68,375632.352941176,1591732.6418456,193025.935590378,-2698.48081596481,753963.186698317,3577,3578.18053749878,"Manufacturing"
"229","0001020859","UNITED NATURAL FOODS, INC.",5141,68,14205352.9411765,70484728.9961777,8547528.90130225,-2547803.70537593,30958509.5877289,5141,5139.86228604848,"Wholesale Trade"
"230","0001022408","ePlus inc.",5045,68,15399382.3529412,8434604.02600529,1022845.97969058,13394604.2327476,17404160.4731347,5045,5046.06602486377,"Wholesale Trade"
"231","0001023731","8x8, INC.",7374,68,-10719764.7058823,17242438.1090323,2090952.75196222,-14818032.0997283,-6621497.31203639,7374,7375.00711646917,"Services"
"232","0001024478","Rockwell Automation, Inc.",3829,68,214680882.352941,106411537.441681,12904294.3722477,189388465.383335,239973299.322546,3829,3828.38688916581,"Manufacturing"
"233","0001032220","Maximus, Inc.",7389,68,41155367.6470588,22144844.0391784,2685456.79518712,35891872.3284921,46418862.9656256,7389,7389.13638346552,"Services"
"234","0001034054","SBA COMMUNICATIONS CORPORATION",6798,68,19329911.7647059,77568399.1468242,9406550.08507138,893073.597965945,37766749.9314458,6798,6798.48643396089,"Finance/Insurance/Real Estate"
"235","0001037038","Ralph Lauren Corporation",2320,68,146889705.882353,89054932.1330695,10799496.8137311,125722692.12744,168056719.637266,2320,2318.56984819162,"Manufacturing"
"236","0001039280","NETSOL TECHNOLOGIES, INC.",7372,68,577806.235294118,1412295.47956208,171265.983435789,242124.907759972,913487.562828264,7372,7372.79840757793,"Services"
"237","0001040130","PETMED EXPRESS, INC.",5912,68,4888352.94117647,2673646.51078225,324227.263809391,4252867.50411006,5523838.37824288,5912,5911.85658908041,"Retail Trade"
"238","0001040470","AEHR TEST SYSTEMS",3825,68,-365602.941176471,1921594.31738029,233027.539416048,-822336.918431924,91131.0360789825,3825,3824.55230110083,"Manufacturing"
"239","0001046050","TIMBERLAND BANCORP, INC.",6036,68,3462426.47058823,2434737.2674843,295255.262484279,2883726.15611905,4041126.78505742,6036,6036.51782441584,"Finance/Insurance/Real Estate"
"240","0001046257","INGREDION INCORPORATED",2040,68,110014705.882353,52136014.0364958,6322420.37562227,97622761.9461333,122406649.818573,2040,2040.21298743125,"Manufacturing"
"241","0001048911","FedEx Corporation",4513,68,584808823.529411,510337092.499344,61887462.8542766,463509396.335029,706108250.723793,4513,4512.00160184876,"Transportation/Public Utilities"
"242","0001049521","MERCURY SYSTEMS, INC.",3670,68,-1539676.47058823,13763982.910677,1669128.09911523,-4811167.54485408,1731814.60367761,3670,3669.72066327762,"Manufacturing"
"243","0001050743","PEAPACK-GLADSTONE FINANCIAL CORPORATION",6029,68,7119573.52941177,5231151.26541729,634370.270908794,5876207.79843053,8362939.260393,6029,6029.20939573252,"Finance/Insurance/Real Estate"
"244","0001050825","STEELCASE INC",2522,68,20372058.8235294,18439767.5835082,2236150.27819544,15989204.2782663,24754913.3687925,2522,2520.64908117106,"Manufacturing"
"245","0001057379","Hackett Group, Inc.",8742,68,5453544.11764706,3250257.56239489,394151.624712256,4681006.93321104,6226081.30208308,8742,8741.99180740328,"Services"
"246","0001058811","Immersion Corporation",3577,68,2551191.17647059,12687219.0903479,1538551.30602521,-464369.383338826,5566751.73628,3577,3577.10030669827,"Manufacturing"
"247","0001066194","eGain Corporation",7372,68,731897.058823529,2415005.07177679,292862.382274649,157886.789565216,1305907.32808184,7372,7372.71497563578,"Services"
"248","0001066656","CERES CLASSIC L.P.",6221,68,-1603004.91176471,10256028.1151564,1243726.09464983,-4040708.05727837,834698.233748959,6221,6222.83542401866,"Finance/Insurance/Real Estate"
"249","0001069899","Phibro Animal Health Corporation",2834,68,9023676.47058823,7893366.7512593,957211.319328842,7147542.2847037,10899810.6564728,2834,2833.64885141977,"Manufacturing"
"250","0001070524","GREENE COUNTY BANCORP, INC.",6036,68,3492426.47058823,2222346.6978082,269499.122700171,2964208.1900959,4020644.75108057,6036,6036.00784657028,"Finance/Insurance/Real Estate"
"251","0001071840","SOLARWINDOW TECHNOLOGIES, INC.",2860,68,-1133039.11764706,669839.784995147,81230.0054640004,-1292249.9283565,-973828.306937618,2860,2859.54132209773,"Manufacturing"
"252","0001074828","KNOW LABS, INC.",6199,68,-1657352.51470588,2184467.06036068,264905.541927929,-2176567.37688462,-1138137.65252714,6199,6198.95080518168,"Finance/Insurance/Real Estate"
"253","0001074871","MODULAR MEDICAL, INC.",3841,68,-1178292.36764706,1788113.0162725,216840.554018627,-1603299.85352357,-753284.881770551,3841,3840.73224405799,"Manufacturing"
"254","0001075736","Crexendo, Inc.",4813,68,-830279.411764705,4279023.85243633,518907.862298011,-1847338.82186881,186779.998339397,4813,4813.04710297366,"Transportation/Public Utilities"
"255","0001078075","NETSCOUT SYSTEMS, INC.",7373,68,-1403558.8235294,63331679.9165802,7680094.28658438,-16456543.6252348,13649425.978176,7373,7374.20528443955,"Services"
"256","0001078271","EXTREME NETWORKS, INC.",3576,68,-5208691.17647059,17882446.6782852,2168565.1911484,-9459078.95112145,-958303.401819737,3576,3576.57588573679,"Manufacturing"
"257","0001082733","VISIUM TECHNOLOGIES, INC.",7371,68,-403994.176470588,696450.853908607,84457.071579906,-569530.036767204,-238458.316173973,7371,7372.2905315615,"Services"
"258","0001083743","FLUX POWER HOLDINGS, INC.",3690,68,-1488680.82352941,1394195.83754467,169071.079440976,-1820060.13923372,-1157301.5078251,3690,3689.92976197835,"Manufacturing"
"259","0001092796","Smith & Wesson Brands, Inc.",3480,68,-2841132.35294117,35036906.5900534,4248849.01957911,-11168876.4313162,5486611.7254339,3480,3479.31064064895,"Manufacturing"
"260","0001096752","EDGEWELL PERSONAL CARE COMPANY",2844,68,37070588.2352941,84427787.8476205,10238373.1480288,17003376.8651577,57137799.6054306,2844,2844.38523980585,"Manufacturing"
"261","0001106838","SONNET BIOTHERAPEUTICS HOLDINGS, INC.",2834,68,-2448224.86764706,2801261.78231508,339702.888632091,-3114042.52936596,-1782407.20592816,2834,2834.24219136858,"Manufacturing"
"262","0001108134","BERKSHIRE HILLS BANCORP, INC.",6036,68,3834073.52941178,69227390.3202102,8395054.19047318,-12620232.6839157,20288379.7427392,6036,6036.68649565232,"Finance/Insurance/Real Estate"
"263","0001110803","Illumina, Inc.",3826,68,-12760691.1764705,561143834.353405,68048685.3000938,-146136114.364654,120614732.011713,3826,3827.02032561349,"Manufacturing"
"264","0001114925","LANTRONIX, INC.",3576,68,-1000279.41176471,1213188.96223023,147120.771620844,-1288636.12414156,-711922.69938785,3576,3576.46551410236,"Manufacturing"
"265","0001116132","Tapestry, Inc.",3100,68,160826779.411764,142652388.013226,17299143.0448566,126920459.043846,194733099.779683,3100,3100.73142078245,"Manufacturing"
"266","0001117297","QuinStreet, Inc.",7389,68,506279.411764707,12888063.6502194,1562907.28645701,-2557018.86969102,3569577.69322044,7389,7388.46902781782,"Services"
"267","0001124140","EXACT SCIENCES CORPORATION",8071,68,-78774176.4705881,116708602.003367,14152996.8670016,-106514050.329911,-51034302.611265,8071,8071.16837761414,"Services"
"268","0001126741","GSI TECHNOLOGY INC",3674,68,-642808.823529413,3507244.678029,425315.890070559,-1476427.96806771,190810.321008882,3674,3672.09097208861,"Manufacturing"
"269","0001126956","Spire Inc.",4924,68,34247264.7058823,54949683.9833422,6663627.97522444,21186553.8744424,47307975.5373222,4924,4924.29778211007,"Transportation/Public Utilities"
"270","0001127475","DIGITAL BRAND MEDIA & MARKETING GROUP, INC.",7389,68,-190758.191176471,184236.547317411,22341.9630790821,-234548.438811471,-146967.94354147,7389,7388.34982157324,"Services"
"271","0001128361","HOPE BANCORP, INC.",6021,68,30203779.4117647,13311085.1535681,1614206.17881624,27039935.3012849,33367623.5222446,6021,6019.17713226197,"Finance/Insurance/Real Estate"
"272","0001130144","SIERRA BANCORP",6022,68,5589970.58823529,3182548.4108151,385940.684012715,4833526.84757037,6346414.32890022,6022,6021.84407487082,"Finance/Insurance/Real Estate"
"273","0001136893","Fidelity National Information Services, Inc.",7389,68,-229872058.823529,2264978454.69938,274668982.602171,-768223264.723784,308479147.076726,7389,7388.96730616857,"Services"
"274","0001141103","Cross Country Healthcare, Inc",7363,68,4583117.64705883,19388323.3466669,2351179.56064519,-25194.291805746,9191429.5859234,7363,7362.00310730344,"Services"
"275","0001157075","PHARMACYTE BIOTECH, INC.",2836,68,-917881.088235294,3719427.55146387,451046.842985823,-1801932.90048751,-33829.2759830799,2836,2836.19935282811,"Manufacturing"
"276","0001157408","Stride, Inc.",8200,68,13377014.7058823,22543008.0681566,2733741.27600473,8018881.80491308,18735147.6068516,8200,8201.26821624019,"Services"
"277","0001157647","Western New England Bancorp, Inc.",6035,68,2393294.11764706,2082488.21507711,252538.790437262,1898318.08839003,2888270.14690409,6035,6035.06107698434,"Finance/Insurance/Real Estate"
"278","0001163370","NORTHRIM BANCORP, INC.",6035,68,4679352.94117647,2435387.95073562,295334.169418809,4100497.96911561,5258207.91323734,6035,6033.59146717881,"Finance/Insurance/Real Estate"
"279","0001165002","WESTWOOD HOLDINGS GROUP, INC.",6282,68,3260617.64705882,2970524.91983915,360229.059059596,2554568.69130202,3966666.60281563,6282,6281.8051466443,"Finance/Insurance/Real Estate"
"280","0001165320","GB SCIENCES INC",1311,68,-1019875.17647059,2144055.69690761,260004.944281099,-1529484.86726154,-510265.485679633,1311,1310.68864694833,"Mining"
"281","0001169561","Commvault Systems, Inc",7372,68,7651750,10745982.7139637,1303141.8170804,5097592.0385224,10205907.9614776,7372,7373.85040301717,"Services"
"282","0001169770","BANC OF CALIFORNIA, INC.",6021,68,-18484058.8235294,159164548.616596,19301536.6411759,-56315070.6402342,19346952.9931755,6021,6019.58655411458,"Finance/Insurance/Real Estate"
"283","0001170010","CARMAX, INC.",5500,68,150573250,72487921.3558285,8790451.6568102,133343964.752652,167802535.247348,5500,5499.51890461187,"Retail Trade"
"284","0001171155","RADIANT LOGISTICS, INC.",4731,68,2108944,2891876.96974337,350691.594192442,1421588.47538282,2796299.52461719,4731,4732.15935937637,"Transportation/Public Utilities"
"285","0001171838","SUNDANCE STRATEGIES, INC.",6411,68,-485820.088235294,3016170.83368858,365764.439182508,-1202718.38903301,231078.212562422,6411,6411.2542676227,"Finance/Insurance/Real Estate"
"286","0001175535","Whitestone REIT",6798,68,3665014.70588235,5054435.86025702,612940.380286746,2463651.56052033,4866377.85124437,6798,6797.60527619566,"Finance/Insurance/Real Estate"
"287","0001177609","Five Below, Inc.",5331,68,27990367.6470588,46045550.2392246,5583843.15370611,17046035.0657948,38934700.2283228,5331,5330.74409506697,"Retail Trade"
"288","0001190370","INNOVATIVE DESIGNS, INC.",2390,68,-86738.3382352941,103461.561603146,12546.557255327,-111329.590455735,-62147.0860148532,2390,2388.44368537092,"Manufacturing"
"289","0001209709","CERES TACTICAL SYSTEMATIC L.P.",6221,68,-6628945.07352941,14251054.0043434,1728194.14518499,-10016205.598092,-3241684.54896683,6221,6220.50564562227,"Finance/Insurance/Real Estate"
"290","0001224608","CNO Financial Group, Inc.",6321,68,65822058.8235294,106823236.397817,12954220.2040743,40431787.2235439,91212330.423515,6321,6322.34270130439,"Finance/Insurance/Real Estate"
"291","0001227265","CERES ORION L.P.",6221,68,-2119030.89705882,29981744.573795,3635820.57994253,-9245239.23374617,5007177.43962853,6221,6220.41050506964,"Finance/Insurance/Real Estate"
"292","0001227654","Compass Minerals International, Inc.",1400,68,15411764.7058824,43154576.483453,5233261.09029626,5154572.96890171,25668956.442863,1400,1399.26057489367,"Mining"
"293","0001230245","PIPER SANDLER COMPANIES",6211,68,14604235.2941176,28759070.6651988,3487549.58962403,7768638.09845454,21439832.4897807,6211,6209.82975254126,"Finance/Insurance/Real Estate"
"294","0001260221","TransDigm Group Incorporated",3728,68,153810838.235294,123772297.084004,15009595.7177258,124392030.628551,183229645.842037,3728,3727.22066983876,"Manufacturing"
"295","0001262104","MEI Pharma, Inc.",2834,68,-5338573.52941177,10440820.3690892,1266135.44705456,-7820199.0056387,-2856948.05318483,2834,2833.52113440902,"Manufacturing"
"296","0001262976","Cimpress plc",2750,68,4835852.94117648,43036323.955005,5218920.86484663,-5393231.95392291,15064937.8362759,2750,2749.80872714573,"Manufacturing"
"297","0001265131","Hilltop Holdings Inc.",6022,68,32815588.2352941,35008652.2368379,4245422.67597055,24494559.7903918,41136616.6801964,6022,6021.95717591642,"Finance/Insurance/Real Estate"
"298","0001282648","Battalion Oil Corp",1311,68,-78222352.9411764,255567811.317417,30992149.4285187,-138966965.821073,-17477740.0612798,1311,1311.67199616105,"Mining"
"299","0001289308","EnerSys",3690,68,37781132.3529412,21386536.6492075,2593498.51678899,32697875.2600348,42864389.4458476,3690,3689.26211257902,"Manufacturing"
"300","0001295947","PRESTIGE CONSUMER HEALTHCARE INC.",2834,68,28551985.2941176,44951872.9570088,5451215.30209098,17867603.3020193,39236367.2862159,2834,2834.97892796345,"Manufacturing"
"301","0001297341","KENTUCKY FIRST FEDERAL BANCORP",6035,68,325279.411764706,212845.809623482,25811.3457366978,274689.174120778,375869.649408634,6035,6034.8278505904,"Finance/Insurance/Real Estate"
"302","0001300514","LAS VEGAS SANDS CORP.",7011,68,319784308.823529,480322143.253824,58247615.6164287,205618982.215329,433949635.431729,7011,7011.97544321224,"Services"
"303","0001302215","Houlihan Lokey, Inc.",6282,68,42495044.117647,36909075.2964204,4475882.82326519,33722313.7840473,51267774.4512468,6282,6280.67106339945,"Finance/Insurance/Real Estate"
"304","0001304492","Anterix Inc.",4813,68,-5025465.51470588,5479173.20141357,664447.348543583,-6327782.31785131,-3723148.71156046,4813,4811.3233873551,"Transportation/Public Utilities"
"305","0001308547","DOLBY LABORATORIES, INC.",6794,68,55024985.2941176,26504443.3686762,3214135.86933098,48725278.9902289,61324691.5980063,6794,6796.18713563859,"Finance/Insurance/Real Estate"
"306","0001314052","ANAVEX LIFE SCIENCES CORP.",2836,68,-4897335.48529412,4045796.15512505,490624.849626424,-5858960.19056191,-3935710.78002633,2836,2835.88114214943,"Manufacturing"
"307","0001319161","Warner Music Group Corp.",7900,68,3750000,127532187.918281,15465549.4545057,-26562476.9308312,34062476.9308312,7900,7898.81414215475,"Services"
"308","0001320414","SELECT MEDICAL HOLDINGS CORP",8060,68,40673926.4705882,27770817.7147658,3367706.3161104,34073222.0910119,47274630.8501646,8060,8060.63766309895,"Services"
"309","0001324948","RBC BEARINGS INCORPORATED",3562,68,19815058.8235294,14707292.4594918,1783521.1846275,16319357.3016595,23310760.3453993,3562,3562.72640657403,"Manufacturing"
"310","0001327068","United States Oil Fund, LP",6221,68,11516274.9852941,376888572.734032,45704452.77855,-78064452.4606638,101097002.431252,6221,6222.09908065879,"Finance/Insurance/Real Estate"
"311","0001327567","PALO ALTO NETWORKS, INC",3577,68,18210764.7058823,232563409.518948,28202455.9441294,-37066048.9446113,73487578.3563758,3577,3577.21530114038,"Manufacturing"
"312","0001334978","CLEAR CHANNEL OUTDOOR HOLDINGS, INC.",7310,68,-47857088.235294,100755069.381405,12218346.8639991,-71805048.0887323,-23909128.3818558,7310,7309.04892485712,"Services"
"313","0001336917","UNDER ARMOUR, INC.",2300,68,21075029.4117647,105562369.657895,12801317.652647,-4015553.18742348,46165612.0109529,2300,2299.30112841921,"Manufacturing"
"314","0001341439","Oracle Corporation",7372,68,2057970588.23529,1290230628.12386,156463445.916521,1751302234.23891,2364638942.23167,7372,7373.61679811913,"Services"
"315","0001342423","LIMONEIRA COMPANY",100,68,2557147.05882353,4642617.26642726,563000.040258703,1453666.97991647,3660627.13773059,100,99.9396198814153,"Agriculture/Forestry/Fishing"
"316","0001346022","Enertopia Corporation",1000,68,-196249.220588235,893695.542427042,108376.503487364,-408667.167423468,16168.7262469975,1000,998.570301526624,"Mining"
"317","0001348911","KALVISTA PHARMACEUTICALS, INC.",2834,68,-9462617.64705882,11232296.3176744,1362116.00400023,-12132365.0148993,-6792870.27921837,2834,2834.88342436019,"Manufacturing"
"318","0001350156","PREAXIA HEALTH CARE PAYMENT SYSTEMS INC.",5700,68,-60333.3382352941,59491.8399445535,7214.44529275688,-74473.6510090976,-46193.0254614906,5700,5699.36824693884,"Retail Trade"
"319","0001350593","MUELLER WATER PRODUCTS, INC.",3490,68,10777941.1764706,24198901.2060171,2934547.81459692,5026227.45986064,16529654.8930806,3490,3490.31604691956,"Manufacturing"
"320","0001359841","Hanesbrands Inc.",5600,68,52688985.2941176,127656329.744613,15480603.862227,22347001.7241527,83030968.8640825,5600,5601.17110208841,"Retail Trade"
"321","0001361538","Primoris Services Corporation",1623,68,14789500,17424609.2480653,2113044.24749669,10647933.2749065,18931066.7250935,1623,1624.04195718965,"Construction"
"322","0001367859","CITIZENS COMMUNITY BANCORP, INC.",6035,68,1591588.23529412,1728609.12283865,209624.64702559,1180723.92712396,2002452.54346427,6035,6034.69016582799,"Finance/Insurance/Real Estate"
"323","0001371451","HIGHWATER ETHANOL, LLC",2860,68,1560905.52941177,3341928.09683429,405268.309896094,766579.642015422,2355231.41680811,2860,2861.2784396483,"Manufacturing"
"324","0001375348","GOLDEN STAR RESOURCE CORP.",1090,68,-18460.8676470588,21497.5970048334,2606.96656317323,-23570.5221108784,-13351.2131832393,1090,1089.02572808336,"Mining"
"325","0001376227","United States Natural Gas Fund, LP",6221,68,32933010.7647057,137541271.674402,16679329.1469216,241525.636739492,65624495.892672,6221,6220.72413840541,"Finance/Insurance/Real Estate"
"326","0001376986","TENNESSEE VALLEY AUTHORITY",4911,68,178264705.882353,203964630.943778,24734344.6256271,129785390.416124,226744021.348582,4911,4912.13069312279,"Transportation/Public Utilities"
"327","0001377789","AVIAT NETWORKS, INC.",3663,68,-4200661.76470588,15826641.2448392,1919262.16327144,-7962415.6047179,-438907.924693855,3663,3662.92153344106,"Manufacturing"
"328","0001381668","TFS FINANCIAL CORPORATION",6035,68,15272823.5294118,7574577.3340358,918552.424048206,13472460.7782773,17073186.2805462,6035,6034.36064473385,"Finance/Insurance/Real Estate"
"329","0001382230","ESSA Bancorp, Inc.",6036,68,2466294.11764706,1509436.58618906,183046.072942036,2107523.81468067,2825064.42061345,6036,6034.82646516623,"Finance/Insurance/Real Estate"
"330","0001383312","BROADRIDGE FINANCIAL SOLUTIONS, INC.",7389,68,72060294.117647,64051288.0775227,7767359.5941321,56836269.3131481,87284318.9221459,7389,7391.04546455662,"Services"
"331","0001387467","Alpha and Omega Semiconductor Limited",3674,68,8867367.64705881,47051904.1024779,5705881.48532204,-2316160.06417239,20050895.35829,3674,3673.59248919397,"Manufacturing"
"332","0001390777","THE BANK OF NEW YORK MELLON CORPORATION",6022,68,511102941.17647,598323532.001243,72557385.9039339,368890464.80476,653315417.54818,6022,6022.89725708568,"Finance/Insurance/Real Estate"
"333","0001396878","United States Gasoline Fund, LP",6221,68,2541334.32352941,11145619.4559706,1351604.89058548,-107811.262018119,5190479.90907695,6221,6219.97366470468,"Finance/Insurance/Real Estate"
"334","0001397016","OPTEX SYSTEMS HOLDINGS, INC.",3827,68,144323.529411765,898711.207265698,108984.742190672,-69286.565281952,357933.624105481,3827,3825.84337776784,"Manufacturing"
"335","0001403161","VISA INC.",7389,68,2020161764.70588,1502135182.92129,182160647.73944,1663126895.13658,2377196634.27518,7389,7389.16194189551,"Services"
"336","0001403475","Bank of Marin Bancorp",6022,68,5290147.05882353,4185552.13734925,507572.75187708,4295304.46514445,6284989.65250261,6022,6020.60538458049,"Finance/Insurance/Real Estate"
"337","0001405513","United States 12 Month Natural Gas Fund, LP",6221,68,1303606.10294118,3684426.75054125,446802.372421553,427873.452994935,2179338.75288742,6221,6221.7722366091,"Finance/Insurance/Real Estate"
"338","0001405528","United States 12 Month Oil Fund, LP",6221,68,4545230.08823529,17006166.6593622,2062300.63010023,503120.85323884,8587339.32323174,6221,6222.38112696465,"Finance/Insurance/Real Estate"
"339","0001408534","FIRST GUARANTY BANCSHARES, INC.",6035,68,3654250,1587693.09202932,192536.068220599,3276879.30628763,4031620.69371237,6035,6034.21320672792,"Finance/Insurance/Real Estate"
"340","0001409375","Orion Energy Systems, Inc.",3640,68,-1702823.52941176,5468072.22146339,663101.156988216,-3002501.79710867,-403145.261714861,3640,3640.3246750273,"Manufacturing"
"341","0001410738","VoIP-PAL.COM INC.",3661,68,-1409424.01470588,3658441.89959272,443651.246388415,-2278980.45762718,-539867.57178459,3661,3659.91681918484,"Manufacturing"
"342","0001412665","MIDWESTONE FINANCIAL GROUP, INC.",6022,68,4942867.64705883,13764785.2067583,1669225.39180599,1671185.87911908,8214549.41499857,6022,6021.15986654421,"Finance/Insurance/Real Estate"
"343","0001413837","FIRST FOUNDATION INC.",6022,68,3171455.88235295,30311103.3286158,3675761.19567335,-4033036.06116681,10375947.8258727,6022,6020.96569860679,"Finance/Insurance/Real Estate"
"344","0001414382","Concrete Leveling Systems, Inc.",3590,68,-16193.3529411765,10848.5437357742,1315.579167845,-18771.8881101527,-13614.8177722003,3590,3589.1161967915,"Manufacturing"
"345","0001415744","NORTHERN MINERALS & EXPLORATION LTD.",1040,68,-60441.5441176471,80741.2228844636,9791.31147924063,-79632.5146169587,-41250.5736183354,1040,1041.58891311468,"Mining"
"346","0001423221","QUANEX BUILDING PRODUCTS CORPORATION",3350,68,3653338.23529412,11352996.7963099,1376753.08701426,954902.184746174,6351774.28584206,3350,3349.67564793753,"Manufacturing"
"347","0001434524","CLEARSIGN TECHNOLOGIES CORPORATION",3823,68,-1739191.17647059,516756.16402256,62665.8896162948,-1862016.32011853,-1616366.03282265,3823,3823.85090450524,"Manufacturing"
"348","0001436425","HOME BANCORP, INC.",6036,68,5050230.89705882,3586652.83361755,434945.543394884,4197737.63200485,5902724.1621128,6036,6036.9970602586,"Finance/Insurance/Real Estate"
"349","0001437517","CYBERLOQ TECHNOLOGIES, INC.",7372,68,-130859.102941177,120160.16055201,14571.5598219739,-159419.360192245,-102298.845690108,7372,7372.47820595668,"Services"
"350","0001438133","Tandem Diabetes Care, Inc.",3841,68,-17268117.6470588,18289930.2908911,2217979.83748611,-21615358.1285316,-12920877.165586,3841,3841.85800817319,"Manufacturing"
"351","0001438943","RANGE IMPACT, INC.",1600,68,-773143.176470588,979364.624568901,118765.405679146,-1005923.37160171,-540362.981339462,1600,1600.5415280569,"Construction"
"352","0001441236","CLEARWATER PAPER CORPORATION",2631,68,10928205.8823529,38331306.7280437,4648353.71787273,1817432.59532239,20038979.1693835,2631,2631.04099796905,"Manufacturing"
"353","0001442492","Laredo Oil, Inc.",1311,68,-237056.75,590222.894530188,71575.0393178164,-377343.82706292,-96769.6729370799,1311,1310.63080379606,"Mining"
"354","0001467373","Accenture plc",7389,68,1023845235.29412,490403291.737208,59470134.4406794,907283771.790384,1140406698.79785,7389,7389.54218055434,"Services"
"355","0001472494","United States Brent Oil Fund, LP",6221,68,5520691.64705882,28919982.2411547,3507062.98444905,-1353151.80246132,12394535.096579,6221,6223.36381669998,"Finance/Insurance/Real Estate"
"356","0001474903","BGSF, INC.",7363,68,1224898.98529412,3452142.5924072,418633.780682014,404376.775157371,2045421.19543086,7363,7363.45546300747,"Services"
"357","0001477246","S&W SEED CO",100,68,-1176835.5,6748126.85003786,818330.581699197,-2780763.44013042,427092.440130428,100,99.4643135515996,"Agriculture/Forestry/Fishing"
"358","0001479681","NUTEX HEALTH INC.",7389,68,-3411183.67647059,52859787.5949577,6410190.81181543,-15975157.6676288,9152790.31468765,7389,7388.85706459751,"Services"
"359","0001481504","XERIANT, INC.",3721,68,-478499.897058824,1096164.33899073,132929.451549828,-739041.622096487,-217958.172021161,3721,3721.0581671659,"Manufacturing"
"360","0001486957","BWX TECHNOLOGIES, INC.",3510,68,47844808.8235294,36628530.7080229,4441861.79471642,39138759.7058852,56550857.9411736,3510,3509.05955592566,"Manufacturing"
"361","0001490906","Capitol Federal Financial, Inc.",6035,68,18205558.8235294,5867131.02200078,711494.144795509,16811030.2997302,19600087.3473286,6035,6034.26103114228,"Finance/Insurance/Real Estate"
"362","0001493594","MACOM Technology Solutions Holdings, Inc.",3674,68,-12335367.6470588,67328236.8804499,8164748.0071971,-28338273.7411651,3667538.4470475,3674,3675.28295258529,"Manufacturing"
"363","0001497253","Organovo Holdings, Inc.",2836,68,-15783573.5294118,14266346.6966543,1730048.65652904,-19174468.8962087,-12392678.1626149,2836,2835.23457184275,"Manufacturing"
"364","0001499961","MULLEN AUTOMOTIVE INC.",3711,68,-21036772.3823529,60373987.5627297,7321421.40473122,-35386758.3356261,-6686786.42907976,3711,3711.17628483772,"Manufacturing"
"365","0001500217","AMERICAN ASSETS TRUST, INC.",6798,68,6971014.70588235,4143072.77809075,502421.372902628,5986268.8149932,7955760.5967715,6798,6799.6467744181,"Finance/Insurance/Real Estate"
"366","0001504008","BankUnited, Inc.",6035,68,63645308.8235294,50963254.7922775,6180202.42746545,51532112.0656971,75758505.5813617,6035,6035.71249421949,"Finance/Insurance/Real Estate"
"367","0001504461","NGL Energy Partners LP",4922,68,-35669441.1764705,112030553.439327,13585700.1507867,-62297413.4720124,-9041468.88092859,4922,4921.60025482154,"Transportation/Public Utilities"
"368","0001506251","Citius Pharmaceuticals, Inc.",2834,68,-2781773.20588235,3708871.7744013,449766.766992016,-3663316.0691867,-1900230.342578,2834,2833.67077729665,"Manufacturing"
"369","0001511737","UBIQUITI INC.",3663,68,57650338.2352941,44892108.0191861,5443967.73881593,46980161.4672148,68320515.0033733,3663,3661.39580457824,"Manufacturing"
"370","0001517681","PROPANC BIOPHARMA, INC.",2834,68,-1003917.32352941,934445.889175999,113318.208896966,-1226021.01296747,-781813.634091358,2834,2833.69302413917,"Manufacturing"
"371","0001520697","Acadia Healthcare Company, Inc.",8093,68,5988441.17647062,114878183.248167,13931025.9885663,-21316369.7611193,33293252.1140605,8093,8091.64233569576,"Services"
"372","0001521951","FIRST BUSINESS FINANCIAL SERVICES, INC.",6022,68,5155617.64705882,2839224.45806351,344306.539277438,4480776.83007504,5830458.4640426,6022,6020.51951329342,"Finance/Insurance/Real Estate"
"373","0001525306","First America Resources Corporation",5065,68,-5781.17647058824,17315.4395955258,2099.80548253986,-9896.79521636637,-1665.5577248101,5065,5066.20271748588,"Wholesale Trade"
"374","0001529377","ARES COMMERCIAL REAL ESTATE CORPORATION",6798,68,3956500,8964817.96520452,1087143.86426391,1825698.02604273,6087301.97395727,6798,6798.10217310548,"Finance/Insurance/Real Estate"
"375","0001530425","ARTISAN CONSUMER GOODS, INC.",1000,68,-284316.823529412,2212567.66228646,268313.240453912,-810210.77481908,241577.127760256,1000,1001.59828156002,"Mining"
"376","0001530721","CAPRI HOLDINGS LTD",3100,68,99177147.0588234,148214881.841103,17973694.503509,63948705.8319457,134405588.285701,3100,3100.08398804335,"Manufacturing"
"377","0001530950","Post Holdings, Inc.",2040,68,27051470.5882353,117009620.082431,14189500.6709782,-759950.72688191,54862891.9033525,2040,2039.78368219055,"Manufacturing"
"378","0001538495","EARTH SCIENCE TECH, INC.",2834,68,-314204.852941177,1449128.42191221,175732.633783196,-658640.815156241,30231.109273888,2834,2834.76990953752,"Manufacturing"
"379","0001544190","SHEPHERD’S FINANCE, LLC",6153,68,164073.529411765,372421.576084987,45162.7498663943,75554.5396736318,252592.519149898,6153,6153.46611954687,"Finance/Insurance/Real Estate"
"380","0001549966","Silvercrest Asset Management Group Inc.",6282,68,1760955.88235294,1417365.27100724,171880.785954266,1424069.54188258,2097842.2228233,6282,6281.74256056137,"Finance/Insurance/Real Estate"
"381","0001552800","TILE SHOP HOLDINGS, INC.",5700,68,2886926.47058824,2474180.18574389,300038.418900952,2298851.16954237,3475001.7716341,5700,5699.23435978685,"Retail Trade"
"382","0001564708","NEWS CORPORATION",2711,68,-30794117.6470588,306929208.563406,37220633.7204163,-103746559.739075,42158324.4449572,2711,2712.13767738689,"Manufacturing"
"383","0001567514","Intra-Cellular Therapies, Inc.",2834,68,-21963438.5735294,14945793.0300243,1812443.62710031,-25515828.082646,-18411049.0644128,2834,2832.43266596407,"Manufacturing"
"384","0001570132","ANVI GLOBAL HOLDINGS, INC.",5400,68,-34098.6470588235,26206.9593786378,3178.06063659986,-40327.6459065592,-27869.6482110878,5400,5399.69155720304,"Retail Trade"
"385","0001570585","Liberty Global Ltd.",4841,68,-158223529.411764,1817611484.44692,220417768.726775,-590242356.116243,273795297.292714,4841,4841.06553228307,"Transportation/Public Utilities"
"386","0001571996","Dell Technologies Inc.",3571,68,28529411.764706,921953498.20551,111803283.970853,-190605024.818167,247663848.347579,3571,3570.71688032396,"Manufacturing"
"387","0001579877","OUTFRONT Media Inc.",6798,68,17394117.6470588,74385070.8869165,9020514.83046512,-286091.420652792,35074326.7147705,6798,6796.84166050907,"Finance/Insurance/Real Estate"
"388","0001583107","THERAVANCE BIOPHARMA, INC.",2834,68,-28108838.2352942,117795213.919398,14284767.9171148,-56106983.3528392,-110693.117749076,2834,2835.55462783257,"Manufacturing"
"389","0001584509","Aramark",5812,68,53833588.2352941,91050167.5407631,11041454.6470809,32192337.1270155,75474839.3435727,5812,5811.74998467864,"Retail Trade"
"390","0001589150","REGEN BIOPHARMA, INC.",2834,68,1294256.19117647,16476826.8496892,1998108.7493024,-2622036.95745623,5210549.33980916,2834,2834.26303132062,"Manufacturing"
"391","0001589526","BLUE BIRD CORPORATION",3713,68,4895352.94117647,9548894.32962526,1157973.52732078,2625724.82762774,7164981.0547252,3713,3710.59550682077,"Manufacturing"
"392","0001590976","MALIBU BOATS, INC.",3730,68,7020661.76470588,19145919.5758855,2321783.78561638,2469965.54489777,11571357.984514,3730,3732.28087374306,"Manufacturing"
"393","0001591698","PAYLOCITY HOLDING CORPORATION",7372,68,12201735.2941177,21184968.0688487,2569054.73597649,7166388.01160374,17237082.5766316,7372,7371.99263185503,"Services"
"394","0001598665","Heritage Insurance Holdings, Inc.",6331,68,4272382.35294118,17582853.4013175,2132234.16980537,93203.3801226486,8451561.3257597,6331,6331.695331401,"Finance/Insurance/Real Estate"
"395","0001600033","e.l.f. Beauty, Inc.",2844,68,5830750,10785162.248553,1307893.03353553,3267279.65427037,8394220.34572963,2844,2845.10854780946,"Manufacturing"
"396","0001603345","AGENTIX CORP.",2836,68,-788231.470588235,5165862.83145575,626452.885339541,-2016079.12585374,439616.184677265,2836,2836.06000514226,"Manufacturing"
"397","0001604028","ADVANCED DRAINAGE SYSTEMS, INC.",3086,68,32820485.2941176,57436893.1227725,6965246.38683834,19168602.3759145,46472368.2123208,3086,3085.3236079112,"Manufacturing"
"398","0001604778","Qorvo, Inc.",3674,68,34509220.5882353,83408663.0242202,10114786.1100121,14684239.8126116,54334201.3638589,3674,3672.30423735342,"Manufacturing"
"399","0001606757","KIMBALL ELECTRONICS, INC.",3672,68,7315044.11764706,4354986.99360199,528119.74625918,6279929.41497906,8350158.82031505,3672,3671.96617719843,"Manufacturing"
"400","0001609258","PETROGAS COMPANY",1311,68,-1571318.38235294,12733026.1745082,1544106.23091916,-4597766.5949545,1455129.83024862,1311,1310.47427721392,"Mining"
"401","0001610250","Boot Barn Holdings, Inc.",5661,68,14338117.6470588,20611782.4821249,2499545.77370755,9439007.93059203,19237227.3635256,5661,5661.18998014992,"Retail Trade"
"402","0001613103","Medtronic plc",3845,68,972705882.352939,424986498.778474,51537183.0566199,871693003.561964,1073718761.14391,3845,3845.88176165686,"Manufacturing"
"403","0001617242","KEARNY FINANCIAL CORP.",6035,68,6081132.35294118,5852486.75020506,709718.26598892,4690084.55160289,7472180.15427946,6035,6034.62148242832,"Finance/Insurance/Real Estate"
"404","0001618732","NUTANIX, INC.",7372,68,-77870632.3529411,79986682.8492156,9699810.05970873,-96882260.0699703,-58859004.635912,7372,7370.89274974741,"Services"
"405","0001618921","WALGREENS BOOTS ALLIANCE, INC.",5912,68,569705882.35294,1149414127.9699,139386936.976386,296507485.879223,842904278.826657,5912,5910.3040493962,"Retail Trade"
"406","0001624794","CSW INDUSTRIALS, INC.",2891,68,10755235.2941176,9620612.9542484,1166670.68804564,8468560.74554819,13041909.8426871,2891,2891.20704673157,"Manufacturing"
"407","0001625288","NEXIEN BIOPHARMA, INC.",2834,68,-157702.602941176,334057.217202143,40510.3879860099,-237102.963393756,-78302.242488597,2834,2835.70758021501,"Manufacturing"
"408","0001627223","The Chemours Company",2800,68,82941176.4705882,116014008.72089,14068765.0590458,55366396.9548584,110515955.986318,2800,2799.70233866637,"Manufacturing"
"409","0001628908","Evolent Health, Inc.",8741,68,-14088102.9411765,58848404.6764174,7136417.30529297,-28075480.8595507,-100725.022802243,8741,8740.41880717838,"Services"
"410","0001629210","PARAMOUNT GOLD NEVADA CORP.",1000,68,-1461832.67647059,620914.008835781,75296.8836134007,-1609414.56835285,-1314250.78458832,1000,1001.79603067329,"Mining"
"411","0001630113","BIOTRICITY INC.",3841,68,-1755621.52941177,2145968.85075923,260236.948263696,-2265685.94800861,-1245557.11081492,3841,3840.39313722523,"Manufacturing"
"412","0001633978","Lumentum Holdings Inc.",3669,68,4042647.05882353,54636533.9370067,6625652.95411537,-8943632.7312426,17028926.8488897,3669,3668.96419920148,"Manufacturing"
"413","0001634117","BARNES & NOBLE EDUCATION, INC.",5940,68,-19973750,43038162.4778972,5219143.81849602,-30203271.8842522,-9744228.11574779,5940,5939.15908143269,"Retail Trade"
"414","0001636519","MADISON SQUARE GARDEN SPORTS CORP.",7990,68,-15243367.6470588,46583870.8025897,5649124.11085894,-26315650.9043423,-4171084.3897753,7990,7990.7175746916,"Services"
"415","0001666138","Atkore Inc.",3690,68,48811926.4705881,75371266.2254478,9140108.58188442,30897313.6500947,66726539.2910816,3690,3689.23818884721,"Manufacturing"
"416","0001694426","DELEK US HOLDINGS, INC.",2911,68,-17182352.9411764,106611817.749878,12928581.9271132,-42522373.5183183,8157667.63596536,2911,2910.41765534953,"Manufacturing"
