"cik","entityName","sic","n","mean_y","sd_y","se_y","y_lo","y_hi","sic_num","x","sic_division"
2969,"AIR PRODUCTS AND CHEMICALS, INC.",2810,56,329310714.285714,301223976.275324,40252746.9965708,250415330.172435,408206098.398993,2810,2810.34992229721,"Manufacturing"
3545,"ALICO, INC.",100,56,3743910.71428571,6550133.29018241,875298.378913032,2028325.89161617,5459495.53695526,100,99.9036147188026,"Agriculture/Forestry/Fishing"
4127,"Skyworks Solutions, Inc.",3674,56,153769089.285714,123013025.656971,16438307.0042436,121550007.557397,185988171.014031,3674,3674.55924423969,"Manufacturing"
6281,"Analog Devices, Inc.",3674,56,227495089.285714,109084516.146014,14577031.6292998,198924107.292286,256066071.279141,3674,3673.35818156463,"Manufacturing"
6845,"APOGEE ENTERPRISES, INC.",3231,56,9809607.14285715,10347733.5378396,1382774.05815092,7099369.98888133,12519844.296833,3231,3231.58358921703,"Manufacturing"
6951,"APPLIED MATERIALS INC /DE",3674,56,501249589.285713,478756526.443766,63976531.9155196,375855586.731295,626643591.840132,3674,3673.50666139743,"Manufacturing"
8858,"AVNET, INC.",5065,56,65774964.2857143,203780541.651772,27231320.3197195,12401576.4590641,119148352.112365,5065,5065.51920434743,"Wholesale Trade"
8947,"AZZ Inc.",3470,56,13119881.9464286,6299314.68889254,841781.333475299,11469990.532817,14769773.3600402,3470,3469.18396719163,"Manufacturing"
9092,"BADGER METER, INC.",3824,56,8532535.71428571,3198655.83680671,427438.365697694,7694756.51751823,9370314.91105319,3824,3824.37990140784,"Manufacturing"
10456,"Baxter International Inc.",3841,56,458696428.571428,457834305.861167,61180682.5872841,338782290.700351,578610566.442505,3841,3841.19776491766,"Manufacturing"
12208,"BIO-RAD LABORATORIES, INC.",3826,56,204379339.285714,660702634.15654,88290103.2697435,31330736.8770167,377427941.694411,3826,3826.21892366908,"Manufacturing"
14693,"Brown-Forman Corporation",2080,56,178700000,47437568.541093,6339111.74079914,166275340.988033,191124659.011966,2080,2079.80517721897,"Manufacturing"
14846,"BRT APARTMENTS CORP.",6798,56,1277946.42857143,7317173.7574748,977798.472855858,-638538.578226053,3194431.43536891,6798,6797.33350058465,"Finance/Insurance/Real Estate"
15357,"CHASE GENERAL CORP",2060,56,1060.98214285714,108075.975825509,14442.2597600114,-27245.8469867651,29367.8112724794,2060,2060.87113614919,"Manufacturing"
16058,"CACI International Inc",7373,56,50090946.4285714,29249435.0431343,3908620.16743243,42430050.9004039,57751841.956739,7373,7373.26694466836,"Services"
23217,"CONAGRA BRANDS, INC.",2000,56,157825000,267208330.878565,35707215.1799757,87838858.2472472,227811141.752752,2000,1999.14160142716,"Manufacturing"
24090,"CITIZENS, INC.",6311,56,366928.571428571,8491388.23398505,1134709.4824877,-1857102.01424731,2590959.15710445,6311,6312.92687267464,"Finance/Insurance/Real Estate"
25895,"Crown Crafts, Inc.",2211,56,1400910.71428571,812841.531615776,108620.518608815,1188014.49781244,1613806.93075899,2211,2211.3223754445,"Manufacturing"
29644,"DONALDSON COMPANY, INC.",3564,56,56545892.8571429,21072649.665279,2815951.25996396,51026628.3876135,62065157.3266722,3564,3564.41266004072,"Manufacturing"
31667,"EDUCATIONAL DEVELOPMENT CORPORATION",5190,56,921075,1053033.64087677,140717.539318143,645268.622936439,1196881.37706356,5190,5190.36920126902,"Wholesale Trade"
32621,"EMERSON RADIO CORP",3651,56,1415232.14285715,2620403.0431913,350166.085817202,728906.61465543,2101557.67105886,3651,3651.7189616507,"Manufacturing"
33002,"ENNIS, INC.",2761,56,7032339.28571428,11318752.2429523,1512531.89067524,4067776.77999082,9996901.79143775,2761,2761.23624447279,"Manufacturing"
34563,"FARMER BROTHERS CO",2090,56,-4521446.42857143,15270914.2096038,2040661.7483984,-8521143.45543229,-521749.401710573,2090,2090.45797522566,"Manufacturing"
36840,"FIRST REAL ESTATE INVESTMENT TRUST OF NEW JERSEY, INC.",6798,56,2186196.42857143,7478999.72509607,999423.377395928,227326.608875411,4145066.24826745,6798,6797.46852598611,"Finance/Insurance/Real Estate"
37472,"FLEXSTEEL INDUSTRIES, INC.",2510,56,2204500,6257337.09554414,836171.841609904,565603.190444587,3843396.80955541,2510,2510.26963698828,"Manufacturing"
37785,"FMC CORPORATION",2800,56,99551785.7142856,132035336.855599,17643964.0521763,64969616.1720201,134133955.256551,2800,2799.08389713728,"Manufacturing"
38264,"Forward Industries, Inc.",3089,56,-291426.589285714,804296.899645709,107478.694132812,-502084.829786027,-80768.3487854019,3089,3087.96737148452,"Manufacturing"
38777,"FRANKLIN RESOURCES, INC.",6282,56,398625053.571428,178366133.688333,23835177.2023307,351908106.25486,445342000.887996,6282,6279.58879606671,"Finance/Insurance/Real Estate"
39020,"FREQUENCY ELECTRONICS, INC.",3825,56,-170642.857142857,2249351.04522956,300582.176922531,-759783.923911018,418498.209625304,3825,3825.49475233886,"Manufacturing"
40570,"GEE GROUP INC.",7361,56,-549589.285714286,3406369.89811621,455195.324691818,-1441772.12211025,342593.550681677,7361,7361.52041832007,"Services"
46619,"HEICO CORPORATION",3724,56,40591785.7142857,26569951.3981246,3550559.10410776,33632689.8702345,47550881.5583369,3724,3726.09695033716,"Manufacturing"
47217,"HP INC.",3570,56,1414339285.71428,569660769.127659,76124122.3129225,1265136005.98096,1563542565.44761,3570,3570.73762591898,"Manufacturing"
48465,"HORMEL FOODS CORPORATION",2011,56,167296714.285714,63314869.6476482,8460805.34677686,150713535.806031,183879892.765397,2011,2012.09031239194,"Manufacturing"
50292,"IEH Corporation",3678,56,497560.053571429,505438.328885206,67542.0377440003,365177.659593188,629942.447549669,3678,3678.84411764136,"Manufacturing"
54187,"MAYS J W INC",6512,56,213645.982142857,413314.419915329,55231.4625834421,105392.315479311,321899.648806404,6512,6511.94243323613,"Finance/Insurance/Real Estate"
55242,"KENNAMETAL INC.",3541,56,15721375,69386654.8519793,9272181.77394437,-2452101.27693094,33894851.276931,3541,3541.52828775174,"Manufacturing"
56679,"KORN FERRY",7361,56,18679732.1428571,25078515.2253631,3351257.56222509,12111267.320896,25248196.9648183,7361,7359.88466229069,"Services"
56701,"KOSS CORPORATION",3651,56,-108107.410714286,697339.560173789,93185.9184433553,-290751.810863262,74536.9894346908,3651,3651.89030749039,"Manufacturing"
57131,"LA-Z-BOY INCORPORATED",2510,56,15941125,11368321.5184884,1519155.86374548,12963579.5070589,18918670.4929411,2510,2509.9256058001,"Manufacturing"
57515,"Lancaster Colony Corporation",2030,56,29249000,8920767.54137629,1192087.70596014,26912508.0963181,31585491.9036819,2030,2030.40573880431,"Manufacturing"
63296,"MATTHEWS INTERNATIONAL CORP",3360,56,10680678.5714286,19700834.8638114,2632634.79620692,5520714.37086301,15840642.7719941,3360,3359.69219079299,"Manufacturing"
65270,"METHODE ELECTRONICS, INC.",3678,56,17210464.2857143,13420929.9663748,1793447.2052165,13695307.7634899,20725620.8079386,3678,3678.10707754631,"Manufacturing"
65312,"EVI Industries, Inc.",7200,56,442322.428571428,419613.677288434,56073.2362577731,332418.885506193,552225.971636664,7200,7199.83069048174,"Services"
66004,"MIDDLESEX WATER COMPANY",4941,56,5094160.71428571,3143811.04438422,420109.422030061,4270746.24710679,5917575.18146463,4941,4941.21577449385,"Transportation/Public Utilities"
66740,"3M COMPANY",3841,56,1171446428.57143,261445764.905483,34937159.9106915,1102969595.14647,1239923261.99638,3841,3841.66446859728,"Manufacturing"
66756,"ALLETE, Inc.",4931,56,26757142.8571428,11069891.3050894,1479276.44901687,23857761.0170698,29656524.6972159,4931,4932.78722889687,"Transportation/Public Utilities"
67887,"MOOG Inc.",3590,56,29852696.4285714,19095892.887234,2551796.0242344,24851176.221072,34854216.6360708,3590,3590.5474107626,"Manufacturing"
69422,"THE INTERGROUP CORPORATION",6513,56,272982.142857143,2674887.65773322,357446.898690998,-427613.778577214,973578.0642915,6513,6513.27314517348,"Finance/Insurance/Real Estate"
69891,"National Beverage Corp.",2086,56,21724392.8571429,13269152.4147737,1773165.07674883,18248989.3067152,25199796.4075706,2086,2086.11084769746,"Manufacturing"
70502,"NATIONAL RURAL UTILITIES COOPERATIVE FINANCE CORPORATION",6159,56,23355589.2857143,144280573.057281,19280302.5695625,-14433803.7506283,61144982.3220568,6159,6158.53965403843,"Finance/Insurance/Real Estate"
72331,"NORDSON CORPORATION",3569,56,64302589.2857143,30344133.1371721,4054905.35349828,56354974.7928576,72250203.7785709,3569,3568.70273791984,"Manufacturing"
72573,"MOVADO GROUP, INC.",3873,56,2694017.85714287,26227351.7295424,3504777.29765573,-4175345.64626237,9563381.3605481,3873,3873.72627212699,"Manufacturing"
73290,"BIOMERICA, INC.",2835,56,-318345.910714286,571308.262465538,76344.2778706845,-467980.695340827,-168711.126087744,2835,2834.36348340035,"Manufacturing"
73309,"NUCOR CORPORATION",3312,56,285285339.285714,452025811.13497,60404489.8302015,166892539.218519,403678139.352909,3312,3311.79105404088,"Manufacturing"
74260,"OLD REPUBLIC INTERNATIONAL CORPORATION",6351,56,99408928.5714285,183610915.972569,24536040.7157532,51318288.7685522,147499568.374305,6351,6349.95875031704,"Finance/Insurance/Real Estate"
78749,"AGILYSYS, INC.",7373,56,-3377946.42857143,6398764.27678073,855070.843658636,-5053885.28214235,-1702007.5750005,7373,7372.83056048167,"Services"
78814,"PITNEY BOWES INC.",3579,56,80197821.4285713,74690590.6694366,9980950.01074308,60635159.4075149,99760483.4496278,3579,3580.84123273574,"Manufacturing"
80172,"NATIONAL PRESTO INDUSTRIES INC",3480,56,11134625,3929721.03827185,525131.062528958,10105368.1174432,12163881.8825568,3480,3479.16797361336,"Manufacturing"
80420,"Powell Industries, Inc.",3613,56,4357750,5748021.31093032,768111.657049159,2852251.15218365,5863248.84781635,3613,3612.51149811281,"Manufacturing"
80424,"PROCTER & GAMBLE CO",2840,56,2776392857.14285,1415143419.37579,189106493.873284,2405744129.15122,3147041585.13449,2840,2839.45222124876,"Manufacturing"
89439,"MUELLER INDUSTRIES, INC.",3350,56,33657750,27649165.5881001,3694775.16645895,26415990.6737404,40899509.3262595,3350,3349.63496810105,"Manufacturing"
90168,"SIFCO Industries, Inc.",3724,56,177035.714285715,2481350.35791024,331584.389137465,-472869.688423717,826941.116995146,3724,3724.22010043776,"Manufacturing"
91767,"SONOCO PRODUCTS COMPANY",2650,56,59046714.2857143,19682504.5844497,2630185.30959351,53891551.078911,64201877.4925176,2650,2649.88899570132,"Manufacturing"
95029,"STURM, RUGER & COMPANY, INC.",3480,56,15433892.8571429,10648507.3058555,1422966.64353823,12644878.2358079,18222907.4784778,3480,3480.26236380132,"Manufacturing"
96793,"SUNLINK HEALTH SYSTEMS, INC.",8062,56,-834428.571428572,2607607.28259831,348456.180383553,-1517402.68498034,-151454.457876808,8062,8061.05455690216,"Services"
96885,"TEL-INSTRUMENT ELECTRONICS CORP.",3670,56,-136913.553571429,942591.851021542,125959.134360274,-383793.456917566,109966.349774708,3670,3669.72656817451,"Manufacturing"
98362,"TIMKEN CO",3562,56,49332142.8571428,64260843.7461028,8587216.45296184,32501198.6093376,66163087.104948,3562,3562.82880560005,"Manufacturing"
99780,"TRINITY INDUSTRIES INC",3743,56,44333928.5714285,130664054.00775,17460718.6737117,10110919.9709536,78556937.1719034,3743,3741.93709091697,"Manufacturing"
100378,"TWIN DISC INC",3560,56,408660.714285712,6172791.38353229,824873.945614576,-1208092.21911886,2025413.64769028,3560,3559.78122832538,"Manufacturing"
100493,"TYSON FOODS, INC.",2015,56,326624999.999999,312632782.699098,41777312.883349,244741466.748635,408508533.251363,2015,2015.75544856014,"Manufacturing"
100726,"UNIFI, INC.",2200,56,5212017.85714286,8695103.3126615,1161932.05494937,2934631.02944208,7489404.68484363,2200,2200.51843888255,"Manufacturing"
102037,"UNIVERSAL CORPORATION",5150,56,30183535.7142857,17327468.8399287,2315480.4206791,25645194.0897547,34721877.3388167,5150,5149.73231389268,"Wholesale Trade"
103595,"VILLAGE SUPER MARKET, INC.",5411,56,5304482.14285714,3151794.96328432,421176.318070346,4478976.55943927,6129987.72627502,5411,5412.56659641023,"Retail Trade"
104894,"ELME COMMUNITIES",6798,56,24414214.2857143,48385290.9823239,6465756.47911495,11741331.586649,37087096.9847796,6798,6797.86240660662,"Finance/Insurance/Real Estate"
105132,"WD-40 COMPANY",2890,56,12225196.4285714,3673420.07804787,490881.406062554,11263068.8726888,13187323.984454,2890,2890.37117254274,"Manufacturing"
107140,"JOHN WILEY & SONS, INC.",2731,56,34903160.7142857,30727571.9691477,4106144.52271391,26855117.4497665,42951203.978805,2731,2731.98600740447,"Manufacturing"
108312,"WOODWARD, INC.",3620,56,42009196.4285714,16145737.6727444,2157564.95100494,37780369.1246018,46238023.7325411,3620,3619.50401959058,"Manufacturing"
108385,"WORLD ACCEPTANCE CORPORATION",6141,56,19389250,11600757.0524905,1550216.36848647,16350825.9177665,22427674.0822335,6141,6139.87694923684,"Finance/Insurance/Real Estate"
109177,"Spectrum Brands Holdings, Inc.",3690,56,14592678.5714285,159409986.592275,21302055.4949471,-27159350.198668,56344707.3415249,3690,3689.06714309057,"Manufacturing"
109380,"ZIONS BANCORPORATION, NATIONAL ASSOCIATION",6021,56,79646410.7142856,107077362.280104,14308814.4118435,51601134.4670723,107691686.961499,6021,6021.22807226958,"Finance/Insurance/Real Estate"
109563,"APPLIED INDUSTRIAL TECHNOLOGIES, INC.",5080,56,20686446.4285714,27080592.4924573,3618796.3906292,13593605.5029382,27779287.3542047,5080,5079.59769388167,"Wholesale Trade"
110621,"RPM INTERNATIONAL INC/DE/",2851,56,65579732.1428571,50712065.713825,6776684.83131068,52297429.8734882,78862034.412226,2851,2851.60839185496,"Manufacturing"
205402,"GRAYBAR ELECTRIC COMPANY, INC.",5063,56,24990964.2857143,16905486.298256,2259090.63160268,20563146.647773,29418781.9236555,5063,5062.66500221458,"Wholesale Trade"
216877,"PISMO COAST VILLAGE, INC.",7000,56,288678.714285714,266309.275860347,35587.0738996173,218928.049442464,358429.379128964,7000,6999.13066860788,"Services"
276720,"PURE CYCLE CORPORATION",4941,56,-62115,2684074.37931702,358674.526000793,-765117.070961554,640887.070961554,4941,4940.62970333172,"Transportation/Public Utilities"
278166,"CAVCO INDUSTRIES INC.",2451,56,10034750,12881134.2474178,1721313.96810277,6660974.62251857,13408525.3774814,2451,2449.03017423352,"Manufacturing"
310764,"STRYKER CORP",3841,56,375689285.714285,285395848.016285,38137624.388741,300939541.912353,450439029.516217,3841,3840.78320593905,"Manufacturing"
313143,"HAEMONETICS CORPORATION",3841,56,1410589.28571428,16769851.9761199,2240965.73291267,-2981703.55079456,5802882.12222311,3841,3841.75090178825,"Manufacturing"
315189,"DEERE & CO",3523,56,663571428.571427,411804272.004988,55029660.5804474,555713293.83375,771429563.309104,3523,3522.17005691332,"Manufacturing"
316253,"ENZO BIOCHEM, INC.",2836,56,-1630714.28571428,7661122.49955884,1023760.55683766,-3637284.97711609,375856.405687522,2836,2836.17538759049,"Manufacturing"
318299,"SPARTA COMMERCIAL SERVICES, INC.",7389,56,-960374.303571428,829427.770125774,110836.947960234,-1177614.72157349,-743133.88556937,7389,7387.59328898041,"Services"
320187,"NIKE, Inc.",3021,56,758108928.571427,478925281.04906,63999082.6982144,632670726.482927,883547130.659927,3021,3020.67156043388,"Manufacturing"
320193,"Apple Inc.",3571,56,11067839285.7143,7081779239.13778,946342557.200794,9213007873.60071,12922670697.8278,3571,3571.04667135144,"Manufacturing"
355019,"FONAR CORPORATION",3845,56,2276285.71428571,1460671.47341445,195190.436005399,1893712.45971513,2658858.9688563,3845,3845.03567807656,"Manufacturing"
356309,"NEW JERSEY RESOURCES CORPORATION",4924,56,27730500,58122872.0569231,7766995.48472511,12507188.8499388,42953811.1500612,4924,4922.91046055575,"Transportation/Public Utilities"
703351,"BRINKER INTERNATIONAL, INC.",5812,56,32618446.4285714,18565772.6543127,2480955.72832766,27755773.2010492,37481119.6560937,5812,5811.02031100282,"Retail Trade"
704172,"PHI GROUP, INC.",8741,56,-208125.982142857,313679.161728986,41917.1411628686,-290283.578822079,-125968.385463635,8741,8739.60048630709,"Services"
706863,"UNION BANKSHARES, INC.",6022,56,2028660.71428571,752989.080611054,100622.398415302,1831440.81339172,2225880.61517971,6022,6020.71327923308,"Finance/Insurance/Real Estate"
707549,"LAM RESEARCH CORPORATION",3559,56,320793249.999999,333896743.917378,44618829.2249366,233340344.719124,408246155.280875,3559,3558.87183087412,"Manufacturing"
707605,"AMERISERV FINANCIAL INC /PA/",6021,56,1122250,684263.592218937,91438.5687259449,943030.405297148,1301469.59470285,6021,6022.35879879057,"Finance/Insurance/Real Estate"
711377,"Neogen Corporation",2835,56,9732625,3569204.36543955,476954.99567331,8797793.20848031,10667456.7915197,2835,2834.95219526826,"Manufacturing"
711404,"The Cooper Companies, Inc.",3851,56,132702214.285714,288196034.052941,38511814.9876121,57219056.9099943,208185371.661434,3851,3850.34692099768,"Manufacturing"
712515,"ELECTRONIC ARTS INC.",7372,56,126464285.714286,376244067.99483,50277728.4372404,27919937.9772943,225008633.451277,7372,7372.80244605298,"Services"
712770,"ONE LIBERTY PROPERTIES, INC.",6798,56,5253803.57142857,4071787.71736196,544115.521072957,4187337.15012558,6320269.99273157,6798,6797.8714299329,"Finance/Insurance/Real Estate"
713425,"LOGILITY SUPPLY CHAIN SOLUTIONS, INC.",7372,56,2220000,1451449.34462075,193958.077208158,1839842.16867201,2600157.83132799,7372,7373.22339623927,"Services"
715446,"ANIXA BIOSCIENCES, INC.",2834,56,-1931454.44642857,1509054.67281724,201655.912985442,-2326700.03588004,-1536208.8569771,2834,2833.63508753682,"Manufacturing"
716314,"GRAHAM CORP",3560,56,1006000,2486651.41030335,332292.772060478,354706.166761463,1657293.83323854,3560,3560.05085630953,"Manufacturing"
717423,"MURPHY OIL CORPORATION",1311,56,96349142.8571427,363722249.049734,48604429.996106,1084460.06477486,191613825.649511,1311,1310.39469338665,"Mining"
720005,"RAYMOND JAMES FINANCIAL, INC.",6211,56,140014428.571428,94205065.6157485,12588681.4154532,115340612.99714,164688244.145717,6211,6209.00620459151,"Finance/Insurance/Real Estate"
720154,"INOTIV, INC.",8731,56,-1536607.14285714,11106087.7895104,1484113.40770648,-4445469.42196184,1372255.13624756,8731,8732.1204103964,"Services"
720762,"NON INVASIVE MONITORING SYSTEMS INC /FL/",3845,56,-176267.857142857,174216.217914451,23280.6213805509,-221897.875048737,-130637.839236977,3845,3844.00798706562,"Manufacturing"
720875,"Dynatronics Corporation",3841,56,-230937.642857143,639602.090481984,85470.424515999,-398459.674908501,-63415.610805785,3841,3842.42992651068,"Manufacturing"
721371,"Cardinal Health, Inc.",5122,56,153705357.142857,745815443.029765,99663780.7708,-41635653.167911,349046367.453625,5122,5121.79472598567,"Wholesale Trade"
723125,"Micron Technology, Inc.",3674,56,682553571.42857,1180547514.26681,157757297.399787,373349268.524988,991757874.332153,3674,3673.93386089446,"Manufacturing"
723254,"Cintas Corporation",2320,56,143702232.142857,83229684.6491662,11122034.4416578,121903044.637208,165501419.648506,2320,2321.09640948258,"Manufacturing"
725363,"CEL-SCI CORPORATION",2836,56,-4910807.26785714,4254225.52830368,568494.799034991,-6025057.07396573,-3796557.46174856,2836,2834.90339412419,"Manufacturing"
729986,"UNITED BANKSHARES INC/WV",6022,56,37992339.2857143,26433754.7205887,3532359.05751648,31068915.532982,44915763.0384466,6022,6021.37531342037,"Finance/Insurance/Real Estate"
730263,"THOR Industries, Inc.",3716,56,59577017.8571428,56739994.6430256,7582200.71719966,44715904.4514315,74438131.2628542,3716,3715.70352503624,"Manufacturing"
730464,"Adtalem Global Education Inc.",8200,56,3057107.14285714,44741205.1021015,5978795.02012307,-8661331.09658407,14775545.3822984,8200,8200.4850511471,"Services"
731653,"UNITED BANCORP INC /OH/",6022,56,1036232.14285714,577792.381430355,77210.754714307,884899.063617101,1187565.22209718,6022,6023.08780214,"Finance/Insurance/Real Estate"
732026,"TRIO-TECH INTERNATIONAL",3559,56,122878.339285714,457448.540654764,61129.1325432092,3065.23950102407,242691.439070404,3559,3559.62432215373,"Manufacturing"
733590,"Transcontinental Realty Investors, Inc.",6798,56,-2143017.85714286,9090149.59271062,1214722.33465878,-4523873.63307406,237837.918788352,6798,6799.43733289528,"Finance/Insurance/Real Estate"
746514,"New England Realty Associates Limited Partnership",6513,56,889549.821428571,936242.622082023,125110.682954493,644332.882837765,1134766.76001938,6513,6515.03199570256,"Finance/Insurance/Real Estate"
746598,"BRADY CORP",3990,56,20791857.1428571,17651677.1723653,2358804.58146177,16168600.1631921,25415114.1225222,3990,3990.56763985387,"Manufacturing"
750558,"QNB Corp.",6022,56,2429000,825329.069357957,110289.236031517,2212833.09737823,2645166.90262177,6022,6022.91159595728,"Finance/Insurance/Real Estate"
763532,"LSI INDUSTRIES INC.",3640,56,311678.571428571,3372601.0146319,450682.767822812,-571659.65350414,1195016.79636128,3640,3641.09166982783,"Manufacturing"
765207,"FIRST BANCORP, INC",6021,56,4514553.57142857,1850392.94028094,247269.157622734,4029906.02248801,4999201.12036913,6021,6021.47686940988,"Finance/Insurance/Real Estate"
768408,"Cyanotech Corp",2833,56,-259767.857142857,709245.258030648,94776.8842408845,-445530.550254991,-74005.1640307235,2833,2832.45468846872,"Manufacturing"
771497,"ABM INDUSTRIES INCORPORATED",7340,56,21269642.8571428,18760838.5123989,2507022.50007109,16355878.7570035,26183406.9572822,7340,7340.35096568154,"Services"
771856,"CHAMPIONS ONCOLOGY, INC.",2836,56,-932341.428571428,1118006.03249667,149399.840355321,-1225165.11566786,-639517.741474999,2836,2836.82226304038,"Manufacturing"
772406,"CIRRUS LOGIC, INC.",3674,56,35596410.7142857,32432642.562577,4333994.16488804,27101782.1511052,44091039.2774663,3674,3674.7493165522,"Manufacturing"
775057,"ALTEX INDUSTRIES INC",1311,56,-54642.8571428571,31547.6139835004,4215.72724630204,-62905.6825456091,-46380.0317401051,1311,1311.96651796978,"Mining"
779152,"JACK HENRY & ASSOCIATES, INC.",7373,56,53703321.4285714,20778698.1507567,2776670.33654731,48261047.5689387,59145595.2882041,7373,7374.25977388144,"Services"
779544,"ARK RESTAURANTS CORP.",5812,56,1565535.71428571,1752328.03035677,234164.682815551,1106572.93596723,2024498.49260419,5812,5812.6396224325,"Retail Trade"
783412,"DAILY JOURNAL CORPORATION",2711,56,2784281.76785714,14758553.0442037,1972194.60771214,-1081219.66325865,6649783.19897293,2711,2711.31254456819,"Manufacturing"
785786,"PLEXUS CORP.",3672,56,20596053.5714286,19385186.419644,2590454.49860896,15518762.754155,25673344.3887021,3672,3671.97423932463,"Manufacturing"
785956,"J&J SNACK FOODS CORP.",2052,56,14557339.2857143,7876431.77928314,1052532.46958485,12494375.645328,16620302.9261006,2052,2053.52452216199,"Manufacturing"
788329,"Johnson Outdoors Inc.",3949,56,6231089.28571429,9474817.52719815,1266125.74960629,3749482.81648595,8712695.75494262,3949,3949.84063763206,"Manufacturing"
788920,"PRO-DEX, INC.",3841,56,484000,717457.835314763,95874.3360430116,296086.301355697,671913.698644303,3841,3842.45310652788,"Manufacturing"
789019,"MICROSOFT CORPORATION",7372,56,6725767857.14284,4561123920.46709,609505821.750251,5531136446.51235,7920399267.77334,7372,7371.3282888312,"Services"
792966,"FARMERS & MERCHANTS BANCORP, INC.",6035,56,2971857.14285714,1449477.06468194,193694.520215235,2592215.88323528,3351498.402479,6035,6034.46463853181,"Finance/Insurance/Real Estate"
794619,"American Woodmark Corp",2430,56,7533625,13138550.182314,1755712.61932697,4092428.26611914,10974821.7338809,2430,2429.44274520668,"Manufacturing"
800240,"The ODP Corporation",5940,56,-2196428.57142855,97977440.7509396,13092786.2472485,-27858289.6160357,23465432.4731786,5940,5940.13844593484,"Retail Trade"
804328,"QUALCOMM INC/DE",3663,56,1038732142.85714,1226195008.82825,163857200.443128,717572029.988611,1359892255.72567,3663,3664.06079652774,"Manufacturing"
807863,"MITEK SYSTEMS, INC.",3577,56,-20327.3392857146,2489246.64154205,332639.57442243,-672300.905153677,631646.226582248,3577,3576.02829094025,"Manufacturing"
807882,"JACK IN THE BOX INC.",5812,56,24729946.4285714,10591013.1911569,1415283.66928973,21955990.4367636,27503902.4203793,5812,5811.1344733266,"Retail Trade"
810136,"PHOTRONICS, INC.",3674,56,8179660.71428571,5674577.7008331,758297.341826602,6693397.92430557,9665923.50426585,3674,3674.36666769959,"Manufacturing"
812011,"Vail Resorts, Inc.",7990,56,24417392.8571428,120642585.3219,16121543.5903283,-7180832.57990068,56015618.2941863,7990,7989.88726030362,"Services"
817720,"SYNAPTICS INCORPORATED",3674,56,19612839.2857143,24962825.2260158,3335797.83577389,13074675.5275975,26151003.0438311,3674,3674.55878545247,"Manufacturing"
820771,"GOLIATH FILM AND MEDIA HOLDINGS",7822,56,-23086.1071428571,26868.7952070654,3590.49378786545,-30123.4749670734,-16048.7393186409,7822,7822.84089693426,"Services"
823277,"CHS Inc.",5150,56,206151785.714285,122526861.782255,16373340.6237787,174060038.091679,238243533.336892,5150,5150.22496834532,"Wholesale Trade"
825324,"Good Times Restaurants Inc.",5812,56,92196.4285714292,3314857.15265869,442966.419690922,-776017.754022779,960410.611165637,5812,5811.57793368341,"Retail Trade"
827054,"MICROCHIP TECHNOLOGY INCORPORATED",3674,56,34841892.8571428,109042463.725364,14571412.1382157,6281925.06624011,63401860.6480456,3674,3673.70514705425,"Manufacturing"
828530,"ADMIRAL FINANCIAL CORP.",6035,56,0,0,0,0,0,6035,6037.06882994758,"Finance/Insurance/Real Estate"
829224,"Starbucks Corporation",5810,56,495685714.285713,477514304.185014,63810532.983717,370617069.637628,620754358.933799,5810,5810.17517708475,"Retail Trade"
833444,"JOHNSON CONTROLS INTERNATIONAL PLC",3585,56,427017857.142856,882943269.897415,117988257.4255,195760872.588876,658274841.696836,3585,3585.29561940175,"Manufacturing"
834071,"TOYOTA MOTOR CREDIT CORPORATION",6141,56,405660714.285714,423870446.621937,56642070.9870764,294642255.151044,516679173.420383,6141,6140.50848122108,"Finance/Insurance/Real Estate"
836157,"Lindsay Corporation",3523,56,10648089.2857143,6089349.5585677,813723.562730838,9053191.10276184,12242987.4686667,3523,3522.96658291343,"Manufacturing"
849146,"LIFEVANTAGE CORP",2834,56,777625,6993443.49714269,934538.197145362,-1054069.86640491,2609319.86640491,2834,2834.56514473563,"Manufacturing"
849401,"ADM TRONICS UNLIMITED, INC.",3845,56,-1575.17857142854,162033.125009908,21652.5871105496,-44014.2493081058,40863.8921652487,3845,3845.60388986768,"Manufacturing"
854775,"DIGI INTERNATIONAL INC.",3576,56,2337607.14285714,1731286.79078541,231352.928905942,1884155.4022015,2791058.88351279,3576,3575.80987944265,"Manufacturing"
857005,"PTC Inc.",7372,56,16487839.2857143,22496466.0721931,3006216.73054753,10595654.4938411,22380024.0775875,7372,7371.46312109338,"Services"
858877,"CISCO SYSTEMS, INC.",3576,56,2140178571.42857,1583672901.34092,211627193.197713,1725389272.76105,2554967870.09609,3576,3574.41257999541,"Manufacturing"
859070,"FIRST COMMUNITY BANKSHARES INC /VA/",6022,56,7560892.85714285,2089698.23553173,279247.672825206,7013567.41840545,8108218.29588026,6022,6021.46385149455,"Finance/Insurance/Real Estate"
862668,"Escalon Medical Corp.",3845,56,-301538.160714286,858981.546193562,114786.237407773,-526519.186033521,-76557.1353950506,3845,3843.95940441943,"Manufacturing"
863894,"VERU INC.",2834,56,-296156.750000001,3568897.51681878,476913.991301577,-1230908.17295109,638594.67295109,2834,2833.70816923439,"Manufacturing"
866273,"MATRIX SERVICE CO",1700,56,1847732.14285714,7687790.20499642,1027324.17887476,-165823.247737382,3861287.53345167,1700,1701.0447074529,"Construction"
866706,"ESCO TECHNOLOGIES INC.",3669,56,10773964.2857143,21771394.2619161,2909324.93430236,5071687.41448166,16476241.1569469,3669,3668.92852709702,"Manufacturing"
866787,"AUTOZONE INC",5531,56,315593374.999999,133788613.124186,17878255.4486554,280551994.320635,350634755.679364,5531,5531.06660568168,"Retail Trade"
867840,"PRECISION OPTICS CORPORATION, INC.",3845,56,-200342.839285714,371590.477135333,49655.8662010097,-297668.337039693,-103017.341531735,3845,3845.08193164213,"Manufacturing"
868671,"GLACIER BANCORP, INC.",6022,56,30388928.5714286,22093102.2726816,2952314.97554754,24602391.2193554,36175465.9235018,6022,6021.78551575334,"Finance/Insurance/Real Estate"
868857,"AECOM",8711,56,26526696.4285715,97478488.804625,13026110.9888352,995518.890454456,52057873.9666885,8711,8710.73252018864,"Services"
874015,"IONIS PHARMACEUTICALS, INC.",2834,56,-7348160.71428572,60085913.7344267,8029317.96305283,-23085623.9218693,8389302.49329784,2834,2833.20984399626,"Manufacturing"
874866,"CORVEL CORPORATION",6411,56,8658089.28571429,2122996.61522264,283697.355980137,8102042.46799322,9214136.10343536,6411,6409.45194325326,"Finance/Insurance/Real Estate"
875582,"NORTHERN TECHNOLOGIES INTERNATIONAL CORPORATION",3470,56,878616.446428571,722160.035837031,96502.6940186628,689471.166151992,1067761.72670515,3470,3470.38471141058,"Manufacturing"
879407,"Arrowhead Pharmaceuticals, Inc.",2834,56,-7649122.71428572,10843778.623844,1449060.87101598,-10489282.021477,-4808963.4070944,2834,2833.42364664905,"Manufacturing"
879526,"WABASH NATIONAL CORPORATION",3715,56,-11220839.2857143,60628453.9412062,8101817.9477785,-27100402.4633601,4658723.8919316,3715,3715.74311611144,"Manufacturing"
880117,"SANFILIPPO JOHN B & SON INC",2060,56,7016642.85714286,5283253.12121776,706004.395257175,5632874.24243879,8400411.47184692,2060,2059.72674935147,"Manufacturing"
880641,"EAGLE FINANCIAL SERVICES, INC.",6022,56,1824785.71428571,687632.188000261,91888.7162719537,1644683.83039268,2004887.59817874,6022,6022.57377351153,"Finance/Insurance/Real Estate"
882835,"ROPER TECHNOLOGIES, INC.",3823,56,180271607.142857,125638425.279367,16789140.7860425,147364891.202214,213178323.0835,3823,3821.94729182531,"Manufacturing"
885275,"WILSON BANK HOLDING CO",6021,56,5769892.85714286,2666164.27699946,356281.187906709,5071581.72884571,6468203.98544001,6021,6022.42904638115,"Finance/Insurance/Real Estate"
886128,"FUELCELL ENERGY, INC.",3620,56,-12895535.7142857,9705238.28373914,1296917.01838406,-15437493.0703185,-10353578.358253,3620,3620.16550568951,"Manufacturing"
887343,"COLUMBIA BANKING SYSTEM, INC.",6022,56,24659035.7142857,16277290.0134058,2175144.37197577,20395752.7452132,28922318.6833582,6022,6021.72298658442,"Finance/Insurance/Real Estate"
889971,"LIGHTPATH TECHNOLOGIES, INC.",3674,56,101009.857142857,484619.352524486,64759.9850052446,-25919.7134674222,227939.427753136,3674,3672.58873913241,"Manufacturing"
890066,"GLEN BURNIE BANCORP",6022,56,389845.589285714,250028.721721309,33411.4933405065,324359.062338321,455332.116233107,6022,6021.58517442384,"Finance/Insurance/Real Estate"
891024,"PATTERSON COMPANIES, INC.",5047,56,31252107.1428572,89335587.4156395,11937970.0198399,7853685.90397099,54650528.3817433,5047,5045.17433642801,"Wholesale Trade"
891166,"UNIVERSAL INSURANCE HOLDINGS, INC.",6331,56,15840196.4285714,17101905.5200074,2285338.25417306,11360933.4503922,20319459.4067506,6331,6332.87227582904,"Finance/Insurance/Real Estate"
896156,"Ethan Allen Interiors Inc.",2511,56,6941017.85714286,8444706.11252684,1128471.32160968,4729214.06678788,9152821.64749783,2511,2510.09500052234,"Manufacturing"
896429,"Cantaloupe, Inc.",3578,56,-920780.624999997,6354549.22171551,849162.358394659,-2585138.84745353,743577.597453534,3578,3577.38006088194,"Manufacturing"
896878,"INTUIT INC.",7372,56,183500000,354349544.941149,47351949.726037,90690178.5369672,276309821.463032,7372,7372.10950076424,"Services"
900075,"COPART, INC.",5500,56,93195803.5714285,70146493.9110661,9373719.53923692,74823313.2745242,111568293.868333,5500,5500.84730692465,"Retail Trade"
909832,"COSTCO WHOLESALE CORP /NEW",5331,56,621142857.142856,310800750.471273,41532497.2791329,539739162.475756,702546551.809957,5331,5331.16077071838,"Retail Trade"
910521,"DECKERS OUTDOOR CORP",3021,56,39525607.1428571,70171803.0635403,9377101.61699793,21146487.9735411,57904726.312173,3021,3020.7371666959,"Manufacturing"
911216,"PALATIN TECHNOLOGIES, INC.",2834,56,-4288416.58928571,8922444.03056078,1192311.73625089,-6625347.59233745,-1951485.58623398,2834,2833.82997417218,"Manufacturing"
912603,"RADIUS RECYCLING, INC.",5090,56,-4706982.14285713,48991646.6072593,6546784.15779536,-17538679.092136,8124714.80642178,5090,5091.14230316803,"Wholesale Trade"
912728,"FORWARD AIR CORPORATION",4731,56,14988928.5714286,7618938.3174898,1018123.45839324,12993406.5929778,16984450.5498793,4731,4730.46078442763,"Transportation/Public Utilities"
912767,"UFP INDUSTRIES, INC.",2421,56,28876160.7142857,35131404.5496084,4694631.40502807,19674683.1604307,38077638.2681407,2421,2422.05028647697,"Manufacturing"
913778,"BF GARDEN TAX CREDIT FUND IV L.P.",6513,56,619417.357142857,2751531.2182288,367688.825272318,-101252.740390886,1340087.4546766,6513,6514.07564468744,"Finance/Insurance/Real Estate"
915358,"SIGMATRON INTERNATIONAL, INC.",3672,56,467212.446428571,1500926.14651814,200569.692968633,74095.8482100504,860329.044647092,3672,3672.55025548129,"Manufacturing"
915779,"Daktronics, Inc.",3990,56,2220267.85714286,4814509.46237638,643365.889056915,959270.714591304,3481264.99969441,3990,3990.21924177973,"Manufacturing"
915840,"BEAZER HOMES USA, INC.",1531,56,-12358142.8571428,30963188.1336112,4137630.05707849,-20467897.7690167,-4248387.94526901,1531,1530.66338703439,"Construction"
918646,"EAGLE MATERIALS INC",3241,56,32688839.2857143,41733632.9955836,5576891.29195851,21758132.3534756,43619546.217953,3241,3241.80148967457,"Manufacturing"
918965,"ScanSource, Inc.",5045,56,13177875,6845427.3551766,914758.70818289,11384947.9319615,14970802.0680385,5045,5044.66352070633,"Wholesale Trade"
920427,"Unity Bancorp, Inc.",6022,56,3152089.28571429,2449980.90736001,327392.469981382,2510400.04455078,3793778.5268778,6022,6022.4590711581,"Finance/Insurance/Real Estate"
926282,"ADTRAN Holdings, Inc.",3661,56,3432803.57142857,10484042.3526245,1400989.08971243,686864.955592202,6178742.18726494,3661,3662.45222201576,"Manufacturing"
927653,"McKESSON CORPORATION",5122,56,248214285.714285,1044353540.17838,139557612.071855,-25318633.9465516,521747205.375122,5122,5123.36449849613,"Wholesale Trade"
928465,"AMCON DISTRIBUTING CO",5141,56,1546608.75,723752.849223451,96715.5426605576,1357046.28638531,1736171.21361469,5141,5140.41011331959,"Wholesale Trade"
933034,"STRATTEC SECURITY CORP",3714,56,1878553.57142857,4178197.74509033,558335.159154267,784216.659486208,2972890.48337093,3714,3712.97669117279,"Manufacturing"
933974,"Azenta, Inc.",3559,56,13451821.4285714,18862862.5621951,2520656.03719781,8511335.59566372,18392307.2614791,3559,3558.56179711945,"Manufacturing"
935419,"RCI HOSPITALITY HOLDINGS, INC.",5812,56,2774357.14285714,4165371.44225434,556621.172341721,1683379.64506737,3865334.64064692,5812,5812.60804403608,"Retail Trade"
935703,"DOLLAR TREE, INC.",5331,56,150810714.285714,364867519.010079,48757473.1320694,55246066.946858,246375361.62457,5331,5331.18496994264,"Retail Trade"
936395,"Ciena Corp",3661,56,6130178.57142858,95566751.6704437,12770644.3684895,-18900284.3908109,31160641.533668,3661,3662.01438645663,"Manufacturing"
936528,"WAFD, INC.",6021,56,41038482.1428572,8748298.22202541,1169040.52371938,38747162.7163672,43329801.5693471,6021,6023.00658741346,"Finance/Insurance/Real Estate"
939930,"Pyxus International, Inc.",5150,56,-7698892.85714285,36236913.4611146,4842361.24734527,-17189920.9019396,1792135.18765388,5150,5148.78377376994,"Wholesale Trade"
946581,"TAKE-TWO INTERACTIVE SOFTWARE, INC.",7372,56,37276196.4285714,107163335.435793,14320303.0580239,9208402.43484457,65343990.4222983,7372,7371.27572050445,"Services"
946647,"PREMIER FINANCIAL CORP.",6022,56,7528232.14285714,9862110.08767868,1317879.89495503,4945187.54874529,10111276.736969,6022,6023.33624302263,"Finance/Insurance/Real Estate"
946673,"BANNER CORPORATION",6022,56,15852589.2857143,18539900.5045646,2477498.41689136,10996692.3886072,20708486.1828214,6022,6021.48194658065,"Finance/Insurance/Real Estate"
949961,"Income Opportunity Realty Investors, Inc.",6798,56,825571.428571428,879860.461191904,117576.299783893,595121.880994997,1056020.97614786,6798,6796.85631967359,"Finance/Insurance/Real Estate"
1000230,"OPTICAL CABLE CORPORATION",3357,56,-275850.267857143,1019868.84322631,136285.706814225,-542970.253213024,-8730.28250126174,3357,3357.87001765364,"Manufacturing"
1002047,"NetApp, Inc.",3572,56,126110714.285714,135443061.070723,18099340.3550909,90636007.1897359,161585421.381692,3572,3571.92619163098,"Manufacturing"
1002590,"STAR GROUP, L.P.",5990,56,6198178.57142858,30343314.0906509,4054795.90380307,-1749221.40002544,14145578.5428826,5990,5991.11424507173,"Retail Trade"
1003078,"MSC INDUSTRIAL DIRECT CO., INC.",5084,56,56211285.7142857,15557017.6982074,2078893.93523824,52136653.6012188,60285917.8273526,5084,5085.18261239536,"Wholesale Trade"
1005210,"SUBURBAN PROPANE PARTNERS LP",5900,56,19450107.1428571,55081937.3402202,7360633.4902448,5023265.50197733,33876948.7837369,5900,5898.12311726904,"Retail Trade"
1005286,"LIFECORE BIOMEDICAL, INC.",2834,56,1364017.85714286,7779692.66158801,1039605.16121649,-673608.258841467,3401643.97312718,2834,2833.03036865027,"Manufacturing"
1005731,"IDT CORPORATION",4813,56,8435892.85714286,13929615.4586074,1861423.16341497,4787503.45684953,12084282.2574362,4813,4813.55605399656,"Transportation/Public Utilities"
1006028,"PURE Bioscience, Inc.",2890,56,-1817982.14285714,1474409.38549609,197026.24172751,-2204153.57664306,-1431810.70907122,2890,2888.53552428546,"Manufacturing"
1016178,"CARVER BANCORP, INC.",6035,56,-81339.2857142861,1350167.83167919,180423.765742393,-434969.866569377,272291.295140805,6035,6033.89593472094,"Finance/Insurance/Real Estate"
1017303,"TRANSACT TECHNOLOGIES INC",3577,56,653464.285714286,995273.977159249,132999.079589349,392786.089719161,914142.48170941,3577,3578.18053749878,"Manufacturing"
1020859,"UNITED NATURAL FOODS, INC.",5141,56,15231500,75885252.9491971,10140593.4730204,-4644063.20712006,35107063.2071201,5141,5139.86228604848,"Wholesale Trade"
1022408,"ePlus inc.",5045,56,12405017.8571429,5571731.8068037,744553.981144656,10945692.0540993,13864343.6601864,5045,5046.06602486377,"Wholesale Trade"
1023731,"8x8, INC.",7374,56,-9082089.28571429,17852541.237265,2385646.1711821,-13757955.7812312,-4406222.79019736,7374,7375.00711646917,"Services"
1024478,"Rockwell Automation, Inc.",3829,56,200914285.714285,102514462.711049,13699071.3090699,174064105.948508,227764465.480062,3829,3828.38688916581,"Manufacturing"
1032220,"Maximus, Inc.",7389,56,39052357.1428571,21419722.5263656,2862330.821908,33442188.7319175,44662525.5537968,7389,7389.13638346552,"Services"
1034054,"SBA COMMUNICATIONS CORPORATION",6798,56,-7113267.85714284,51501813.9251569,6882219.37519002,-20602417.8325153,6375882.11822959,6798,6798.48643396089,"Finance/Insurance/Real Estate"
1037038,"Ralph Lauren Corporation",2320,56,136032142.857143,90703976.2727538,12120828.6725256,112275318.658992,159788967.055293,2320,2318.56984819162,"Manufacturing"
1039280,"NETSOL TECHNOLOGIES, INC.",7372,56,668823.5,1425196.21441863,190449.855117205,295541.783970279,1042105.21602972,7372,7372.79840757793,"Services"
1040130,"PETMED EXPRESS, INC.",5912,56,5729035.71428572,1856303.3349721,248058.96733541,5242840.13830831,6215231.29026312,5912,5911.85658908041,"Retail Trade"
1040470,"AEHR TEST SYSTEMS",3825,56,-945160.714285714,997714.274580302,133325.178049043,-1206478.06326184,-683843.365309591,3825,3824.55230110083,"Manufacturing"
1046050,"TIMBERLAND BANCORP, INC.",6036,56,2840517.85714286,2216255.01479059,296159.533823785,2260045.17084824,3420990.54343748,6036,6036.51782441584,"Finance/Insurance/Real Estate"
1046257,"INGREDION INCORPORATED",2040,56,101767857.142857,51480266.6770759,6879340.00304905,88284350.736881,115251363.548833,2040,2040.21298743125,"Manufacturing"
1048911,"FedEx Corporation",4513,56,519053571.428571,537216476.415669,71788571.3313341,378347971.619156,659759171.237985,4513,4512.00160184876,"Transportation/Public Utilities"
1049521,"MERCURY SYSTEMS, INC.",3670,56,1937642.85714286,8756100.03146601,1170083.08435951,-355719.988201785,4231005.7024875,3670,3669.72066327762,"Manufacturing"
1050743,"PEAPACK-GLADSTONE FINANCIAL CORPORATION",6029,56,5857910.71428571,4287326.27541725,572918.072425891,4734991.29233097,6980830.13624046,6029,6029.20939573252,"Finance/Insurance/Real Estate"
1050825,"STEELCASE INC",2522,56,21035714.2857143,18439852.3813006,2464128.92405408,16206021.5945683,25865406.9768603,2522,2520.64908117106,"Manufacturing"
1057379,"Hackett Group, Inc.",8742,56,4754607.14285714,3061472.09200572,409106.416694838,3952758.56613526,5556455.71957903,8742,8741.99180740328,"Services"
1058811,"Immersion Corporation",3577,56,784267.857142858,12613146.3820183,1685502.5832407,-2519317.20600892,4087852.92029464,3577,3577.10030669827,"Manufacturing"
1066194,"eGain Corporation",7372,56,727196.428571428,2597161.13141493,347060.254714315,46958.3293313698,1407434.52781149,7372,7372.71497563578,"Services"
1066656,"CERES CLASSIC L.P.",6221,56,-2744615.375,9356974.1456906,1250378.26535986,-5195356.77510532,-293873.974894679,6221,6222.83542401866,"Finance/Insurance/Real Estate"
1069899,"Phibro Animal Health Corporation",2834,56,9408089.28571428,8084221.48784967,1080299.5373689,7290702.19247123,11525476.3789573,2834,2833.64885141977,"Manufacturing"
1070524,"GREENE COUNTY BANCORP, INC.",6036,56,2732928.57142857,1571897.64710906,210053.658662793,2321223.4004495,3144633.74240765,6036,6036.00784657028,"Finance/Insurance/Real Estate"
1071840,"SOLARWINDOW TECHNOLOGIES, INC.",2860,56,-1164435.89285714,703274.236897584,93978.9729791304,-1348634.67989624,-980237.105818047,2860,2859.54132209773,"Manufacturing"
1074828,"KNOW LABS, INC.",6199,56,-1122911.25,1994732.32824759,266557.319665156,-1645363.59654371,-600458.903456294,6199,6198.95080518168,"Finance/Insurance/Real Estate"
1074871,"MODULAR MEDICAL, INC.",3841,56,-522545.964285714,1139872.88511826,152321.921449502,-821096.930326737,-223994.998244691,3841,3840.73224405799,"Manufacturing"
1075736,"Crexendo, Inc.",4813,56,-399303.571428571,1871314.4133046,250064.907054204,-889430.789254812,90823.6463976693,4813,4813.04710297366,"Transportation/Public Utilities"
1078075,"NETSCOUT SYSTEMS, INC.",7373,56,6692446.42857143,20675158.130137,2762834.21929808,1277291.35874718,12107601.4983957,7373,7374.20528443955,"Services"
1078271,"EXTREME NETWORKS, INC.",3576,56,-6344803.57142858,13432194.2977171,1794952.46480843,-9862910.4024531,-2826696.74040406,3576,3576.57588573679,"Manufacturing"
1082733,"VISIUM TECHNOLOGIES, INC.",7371,56,-329132.232142857,711197.060832331,95037.7048612574,-515406.133670922,-142858.330614793,7371,7372.2905315615,"Services"
1083743,"FLUX POWER HOLDINGS, INC.",3690,56,-1336916,1453807.42601107,194273.189088612,-1717691.45061368,-956140.54938632,3690,3689.92976197835,"Manufacturing"
1092796,"Smith & Wesson Brands, Inc.",3480,56,4573357.14285714,30410780.2013027,4063811.44206297,-3391713.28358628,12538427.5693006,3480,3479.31064064895,"Manufacturing"
1096752,"EDGEWELL PERSONAL CARE COMPANY",2844,56,38953571.4285714,92741919.4505732,12393160.2848511,14662977.2702633,63244165.5868796,2844,2844.38523980585,"Manufacturing"
1106838,"SONNET BIOTHERAPEUTICS HOLDINGS, INC.",2834,56,-2007842.05357143,2649344.48274576,354033.548356231,-2701747.80834964,-1313936.29879322,2834,2834.24219136858,"Manufacturing"
1108134,"BERKSHIRE HILLS BANCORP, INC.",6036,56,911910.714285733,75817639.0717229,10131558.1885883,-18945943.3353473,20769764.7639188,6036,6036.68649565232,"Finance/Insurance/Real Estate"
1110803,"Illumina, Inc.",3826,56,105719160.714286,90815646.7609521,12135751.2692061,81933088.2266417,129505233.201929,3826,3827.02032561349,"Manufacturing"
1114925,"LANTRONIX, INC.",3576,56,-733000,1090099.49504204,145670.672426521,-1018514.51795598,-447485.482044019,3576,3576.46551410236,"Manufacturing"
1116132,"Tapestry, Inc.",3100,56,151770017.857143,152173371.306844,20335022.1007338,111913374.539704,191626661.174581,3100,3100.73142078245,"Manufacturing"
1117297,"QuinStreet, Inc.",7389,56,1474125,13870429.6598097,1853514.12836983,-2158762.69160486,5107012.69160486,7389,7388.46902781782,"Services"
1124140,"EXACT SCIENCES CORPORATION",8071,56,-62127071.4285714,65772764.0860719,8789255.30682824,-79354011.8299547,-44900131.027188,8071,8071.16837761414,"Services"
1126741,"GSI TECHNOLOGY INC",3674,56,151321.428571429,3248932.03212235,434156.804897038,-699625.909026765,1002268.76616962,3674,3672.09097208861,"Manufacturing"
1126956,"Spire Inc.",4924,56,26662750,44023740.4520664,5882919.77342475,15132227.2440875,38193272.7559125,4924,4924.29778211007,"Transportation/Public Utilities"
1127475,"DIGITAL BRAND MEDIA & MARKETING GROUP, INC.",7389,56,-188657.482142857,189493.615168522,25322.1494622071,-238288.895088783,-139026.069196931,7389,7388.34982157324,"Services"
1128361,"HOPE BANCORP, INC.",6021,56,28612089.2857143,12815513.4303231,1712545.01756675,25255501.0512835,31968677.5201451,6021,6019.17713226197,"Finance/Insurance/Real Estate"
1130144,"SIERRA BANCORP",6022,56,4840267.85714286,2948558.91143806,394017.758261441,4067993.05095043,5612542.66333528,6022,6021.84407487082,"Finance/Insurance/Real Estate"
1136893,"Fidelity National Information Services, Inc.",7389,56,112387500,90036832.9932507,12031677.9018189,88805411.3124349,135969588.687565,7389,7388.96730616857,"Services"
1141103,"Cross Country Healthcare, Inc",7363,56,601464.285714288,16780393.2568116,2242374.37079716,-3793589.48104815,4996518.05247673,7363,7362.00310730344,"Services"
1157075,"PHARMACYTE BIOTECH, INC.",2836,56,-1320086.16071428,2336132.38167068,312178.820798568,-1931956.64947948,-708215.671949091,2836,2836.19935282811,"Manufacturing"
1157408,"Stride, Inc.",8200,56,6008553.57142857,10537814.1375277,1408174.64671897,3248531.26385938,8768575.87899776,8200,8201.26821624019,"Services"
1157647,"Western New England Bancorp, Inc.",6035,56,1966482.14285714,1854705.44577419,247845.440409673,1480705.07965419,2452259.2060601,6035,6035.06107698434,"Finance/Insurance/Real Estate"
1163370,"NORTHRIM BANCORP, INC.",6035,56,4019464.28571429,1981031.23709286,264726.434346372,3500600.4743954,4538328.09703317,6035,6033.59146717881,"Finance/Insurance/Real Estate"
1165002,"WESTWOOD HOLDINGS GROUP, INC.",6282,56,3664446.42857143,2967696.54121075,396575.131611596,2887159.1706127,4441733.68653016,6282,6281.8051466443,"Finance/Insurance/Real Estate"
1165320,"GB SCIENCES INC",1311,56,-1255545.60714286,2217816.4003928,296368.182751362,-1836427.24533553,-674663.968950188,1311,1310.68864694833,"Mining"
1169561,"Commvault Systems, Inc",7372,56,6617946.42857142,11475636.5660942,1533496.44019498,3612293.40578926,9623599.45135359,7372,7373.85040301717,"Services"
1169770,"BANC OF CALIFORNIA, INC.",6021,56,7042750,11024229.0701395,1473174.57620627,4155327.83063571,9930172.16936429,6021,6019.58655411458,"Finance/Insurance/Real Estate"
1170010,"CARMAX, INC.",5500,56,153474714.285714,71801600.0451531,9594892.3996834,134668725.182335,172280703.389094,5500,5499.51890461187,"Retail Trade"
1171155,"RADIANT LOGISTICS, INC.",4731,56,1474914.14285714,1815386.29799077,242591.198275906,999435.394236367,1950392.89147792,4731,4732.15935937637,"Transportation/Public Utilities"
1171838,"SUNDANCE STRATEGIES, INC.",6411,56,-512104.803571429,3327632.7659352,444673.632826159,-1383665.1239107,359455.516767843,6411,6411.2542676227,"Finance/Insurance/Real Estate"
1175535,"Whitestone REIT",6798,56,2819250,4460602.15767904,596073.03616927,1650946.84910823,3987553.15089177,6798,6797.60527619566,"Finance/Insurance/Real Estate"
1177609,"Five Below, Inc.",5331,56,19412500,33005838.4967376,4410590.6934995,10767742.240741,28057257.759259,5331,5330.74409506697,"Retail Trade"
1190370,"INNOVATIVE DESIGNS, INC.",2390,56,-99977.2857142857,91571.6597597381,12236.7777556848,-123961.370115428,-75993.2013131435,2390,2388.44368537092,"Manufacturing"
1209709,"CERES TACTICAL SYSTEMATIC L.P.",6221,56,-8129563.19642856,15187776.6367812,2029552.02291732,-12107485.1613465,-4151641.23151061,6221,6220.50564562227,"Finance/Insurance/Real Estate"
1224608,"CNO Financial Group, Inc.",6321,56,56514285.7142857,110478788.467736,14763349.1054335,27578121.467636,85450449.9609354,6321,6322.34270130439,"Finance/Insurance/Real Estate"
1227265,"CERES ORION L.P.",6221,56,-2738430.46428571,31369532.1502356,4191930.06034185,-10954613.3825557,5477752.45398432,6221,6220.41050506964,"Finance/Insurance/Real Estate"
1227654,"Compass Minerals International, Inc.",1400,56,23042857.1428572,42119155.0340129,5628408.84134612,12011175.8138188,34074538.4718956,1400,1399.26057489367,"Mining"
1230245,"PIPER SANDLER COMPANIES",6211,56,10996589.2857143,29323842.1864138,3918563.24019244,3316205.3349371,18676973.2364915,6211,6209.82975254126,"Finance/Insurance/Real Estate"
1260221,"TransDigm Group Incorporated",3728,56,113395303.571428,84740231.784376,11323889.7933195,91200479.5765222,135590127.566335,3728,3727.22066983876,"Manufacturing"
1262104,"MEI Pharma, Inc.",2834,56,-5798196.42857143,7148271.88377378,955228.010592523,-7670443.32933278,-3925949.52781009,2834,2833.52113440902,"Manufacturing"
1262976,"Cimpress plc",2750,56,11309892.8571429,37118166.0473088,4960123.57765766,1588050.64493385,21031735.0693519,2750,2749.80872714573,"Manufacturing"
1265131,"Hilltop Holdings Inc.",6022,56,33847625,38468792.5554598,5140608.6366218,23772032.0722213,43923217.9277787,6022,6021.95717591642,"Finance/Insurance/Real Estate"
1282648,"Battalion Oil Corp",1311,56,-94691589.2857142,278423039.922918,37205843.7134158,-167615042.964009,-21768135.6074192,1311,1311.67199616105,"Mining"
1289308,"EnerSys",3690,56,32625928.5714286,16793013.0685972,2244060.76408244,28227569.473827,37024287.6690301,3690,3689.26211257902,"Manufacturing"
1295947,"PRESTIGE CONSUMER HEALTHCARE INC.",2834,56,23280696.4285714,47951937.1893905,6407847.14267154,10721316.0289352,35840076.8282076,2834,2834.97892796345,"Manufacturing"
1297341,"KENTUCKY FIRST FEDERAL BANCORP",6035,56,376767.857142857,165390.336210095,22101.2133279117,333449.47902015,420086.235265564,6035,6034.8278505904,"Finance/Insurance/Real Estate"
1300514,"LAS VEGAS SANDS CORP.",7011,56,307970232.142857,417150099.713759,55744026.8566955,198711939.503734,417228524.78198,7011,7011.97544321224,"Services"
1302215,"Houlihan Lokey, Inc.",6282,56,34116000,32480893.8602932,4340442.0157638,25608733.6491029,42623266.350897,6282,6280.67106339945,"Finance/Insurance/Real Estate"
1304492,"Anterix Inc.",4813,56,-4806583.125,5017933.47658152,670549.566392553,-6120860.2751294,-3492305.9748706,4813,4811.3233873551,"Transportation/Public Utilities"
1308547,"DOLBY LABORATORIES, INC.",6794,56,55507053.5714286,26396477.9023949,3527377.73315396,48593393.2144468,62420713.9284103,6794,6796.18713563859,"Finance/Insurance/Real Estate"
1314052,"ANAVEX LIFE SCIENCES CORP.",2836,56,-3455362.85714286,2760066.52667233,368829.403839679,-4178268.48866863,-2732457.22561709,2836,2835.88114214943,"Manufacturing"
1319161,"Warner Music Group Corp.",7900,56,-22392857.1428571,124223797.832991,16600103.2419616,-54929059.4971018,10143345.2113876,7900,7898.81414215475,"Services"
1320414,"SELECT MEDICAL HOLDINGS CORP",8060,56,38386464.2857143,27089617.7059265,3620002.43550936,31291259.512116,45481669.0593126,8060,8060.63766309895,"Services"
1324948,"RBC BEARINGS INCORPORATED",3562,56,14726392.8571429,7998015.37355264,1068779.76078517,12631584.5260039,16821201.1882818,3562,3562.72640657403,"Manufacturing"
1327068,"United States Oil Fund, LP",6221,56,-3164432.98214281,387773149.16352,51818366.712867,-104728431.739362,98399565.7750765,6221,6222.09908065879,"Finance/Insurance/Real Estate"
1327567,"PALO ALTO NETWORKS, INC",3577,56,-36638714.2857143,40542158.5516357,5417673.82216029,-47257354.9771485,-26020073.5942801,3577,3577.21530114038,"Manufacturing"
1334978,"CLEAR CHANNEL OUTDOOR HOLDINGS, INC.",7310,56,-47633964.2857142,104578968.451242,13974952.4930996,-75024871.1721895,-20243057.3992389,7310,7309.04892485712,"Services"
1336917,"UNDER ARMOUR, INC.",2300,56,18277803.5714286,100737696.810248,13461640.9784521,-8107012.74633745,44662619.8891946,2300,2299.30112841921,"Manufacturing"
1341439,"Oracle Corporation",7372,56,2007464285.71428,1403402216.23007,187537509.606149,1639890766.88623,2375037804.54233,7372,7373.61679811913,"Services"
1342423,"LIMONEIRA COMPANY",100,56,2371160.71428572,4391383.98882831,586823.369284295,1220986.9104885,3521334.51808293,100,99.9396198814153,"Agriculture/Forestry/Fishing"
1346022,"Enertopia Corporation",1000,56,-289840.910714286,620855.43570339,82965.2973970836,-452452.89361257,-127228.927816002,1000,998.570301526624,"Mining"
1348911,"KALVISTA PHARMACEUTICALS, INC.",2834,56,-5000946.42857143,4448577.13480958,594466.124896212,-6166100.033368,-3835792.82377485,2834,2834.88342436019,"Manufacturing"
1350156,"PREAXIA HEALTH CARE PAYMENT SYSTEMS INC.",5700,56,-66563.1428571429,63524.2857142565,8488.78974579594,-83201.1707589029,-49925.1149553828,5700,5699.36824693884,"Retail Trade"
1350593,"MUELLER WATER PRODUCTS, INC.",3490,56,6696428.57142857,24350754.8084296,3254006.48580292,318575.85925484,13074281.2836023,3490,3490.31604691956,"Manufacturing"
1359841,"Hanesbrands Inc.",5600,56,72289499.9999999,111459660.377115,14894423.6277624,43096429.6895857,101482570.310414,5600,5601.17110208841,"Retail Trade"
1361538,"Primoris Services Corporation",1623,56,10100571.4285714,12797745.6066679,1710170.69225867,6748636.87174445,13452505.9853984,1623,1624.04195718965,"Construction"
1367859,"CITIZENS COMMUNITY BANCORP, INC.",6035,56,1136732.14285714,1531533.34325228,204659.751673946,735599.029576209,1537865.25613808,6035,6034.69016582799,"Finance/Insurance/Real Estate"
1371451,"HIGHWATER ETHANOL, LLC",2860,56,1179556.08928571,3242843.47535106,433343.187274963,330203.442226787,2028908.73634464,2860,2861.2784396483,"Manufacturing"
1375348,"GOLDEN STAR RESOURCE CORP.",1090,56,-19602.75,23441.2784450073,3132.4725946138,-25742.3962854431,-13463.103714557,1090,1089.02572808336,"Mining"
1376227,"United States Natural Gas Fund, LP",6221,56,49473576.9999998,117816108.034674,15743839.6753177,18615651.2363771,80331502.7636225,6221,6220.72413840541,"Finance/Insurance/Real Estate"
1376986,"TENNESSEE VALLEY AUTHORITY",4911,56,186553571.428571,217998909.058392,29131329.5852498,129456165.441482,243650977.415661,4911,4912.13069312279,"Transportation/Public Utilities"
1377789,"AVIAT NETWORKS, INC.",3663,56,-5651392.85714285,16960910.9914839,2266497.06777504,-10093727.1099819,-1209058.60430378,3663,3662.92153344106,"Manufacturing"
1381668,"TFS FINANCIAL CORPORATION",6035,56,14488464.2857143,8078044.92990788,1079474.16009577,12372694.9319266,16604233.639502,6035,6034.36064473385,"Finance/Insurance/Real Estate"
1382230,"ESSA Bancorp, Inc.",6036,56,2035928.57142857,1293994.70080611,172917.315382768,1697010.63327835,2374846.5095788,6036,6034.82646516623,"Finance/Insurance/Real Estate"
1383312,"BROADRIDGE FINANCIAL SOLUTIONS, INC.",7389,56,57700000,54493088.8028264,7281945.2945437,43427387.2226943,71972612.7773056,7389,7391.04546455662,"Services"
1387467,"Alpha and Omega Semiconductor Limited",3674,56,10246267.8571428,51171328.3592893,6838056.38380606,-3156322.65511704,23648858.3694027,3674,3673.59248919397,"Manufacturing"
1390777,"THE BANK OF NEW YORK MELLON CORPORATION",6022,56,434821428.571428,617596929.665673,82529861.211874,273062900.596155,596579956.546701,6022,6022.89725708568,"Finance/Insurance/Real Estate"
1396878,"United States Gasoline Fund, LP",6221,56,2486863.35714286,10413519.7299385,1391565.10785144,-240604.254245972,5214330.96853169,6221,6219.97366470468,"Finance/Insurance/Real Estate"
1397016,"OPTEX SYSTEMS HOLDINGS, INC.",3827,56,50749.9999999999,942422.106740248,125936.451326561,-196085.44460006,297585.444600059,3827,3825.84337776784,"Manufacturing"
1403161,"VISA INC.",7389,56,1531035714.28571,1139292985.93128,152244429.161054,1232636633.13005,1829434795.44138,7389,7389.16194189551,"Services"
1403475,"Bank of Marin Bancorp",6022,56,5386732.14285714,2010770.72054086,268700.539986446,4860079.08448371,5913385.20123058,6022,6020.60538458049,"Finance/Insurance/Real Estate"
1405513,"United States 12 Month Natural Gas Fund, LP",6221,56,1777011.26785714,2945047.71658746,393548.555113257,1005656.09983516,2548366.43587913,6221,6221.7722366091,"Finance/Insurance/Real Estate"
1405528,"United States 12 Month Oil Fund, LP",6221,56,4744872.60714285,17383434.0591505,2322959.08767564,191872.79529859,9297872.41898711,6221,6222.38112696465,"Finance/Insurance/Real Estate"
1408534,"FIRST GUARANTY BANCSHARES, INC.",6035,56,3534607.14285714,1181158.0554473,157838.884396855,3225242.92943931,3843971.35627498,6035,6034.21320672792,"Finance/Insurance/Real Estate"
1409375,"Orion Energy Systems, Inc.",3640,56,-1066232.14285714,5074717.88375229,678137.701983413,-2395382.03874463,262917.753030347,3640,3640.3246750273,"Manufacturing"
1410738,"VoIP-PAL.COM INC.",3661,56,-672347.696428571,1074881.53768806,143637.087335624,-953876.387606394,-390819.005250749,3661,3659.91681918484,"Manufacturing"
1412665,"MIDWESTONE FINANCIAL GROUP, INC.",6022,56,5619821.42857143,5729131.979651,765587.463980856,4119269.99916895,7120372.8579739,6022,6021.15986654421,"Finance/Insurance/Real Estate"
1413837,"FIRST FOUNDATION INC.",6022,56,7082464.28571429,8652127.15823905,1156189.12474759,4816333.60120901,9348594.97021956,6022,6020.96569860679,"Finance/Insurance/Real Estate"
1414382,"Concrete Leveling Systems, Inc.",3590,56,-16756.8392857143,11537.7880655882,1541.80178366572,-19778.7707816991,-13734.9077897295,3590,3589.1161967915,"Manufacturing"
1415744,"NORTHERN MINERALS & EXPLORATION LTD.",1040,56,-64135.8392857143,88436.2901081959,11817.7963622219,-87298.7201556693,-40972.9584157593,1040,1041.58891311468,"Mining"
1423221,"QUANEX BUILDING PRODUCTS CORPORATION",3350,56,461267.857142859,7660080.91220279,1023621.36887249,-1545030.02584722,2467565.74013293,3350,3349.67564793753,"Manufacturing"
1434524,"CLEARSIGN TECHNOLOGIES CORPORATION",3823,56,-1821678.57142857,523013.057620513,69890.5596580363,-1958664.06835832,-1684693.07449882,3823,3823.85090450524,"Manufacturing"
1436425,"HOME BANCORP, INC.",6036,56,4154941.08928572,3228676.85254011,431450.092671883,3309298.90764882,5000583.27092261,6036,6036.9970602586,"Finance/Insurance/Real Estate"
1437517,"CYBERLOQ TECHNOLOGIES, INC.",7372,56,-105417.660714286,112582.078274116,15044.413028311,-134904.710249775,-75930.6111787962,7372,7372.47820595668,"Services"
1438133,"Tandem Diabetes Care, Inc.",3841,56,-13589339.2857143,11543955.4577305,1542625.93610738,-16612886.1204847,-10565792.4509438,3841,3841.85800817319,"Manufacturing"
1438943,"RANGE IMPACT, INC.",1600,56,-800616.642857143,658116.997951675,87944.5830981205,-972988.02572946,-628245.259984827,1600,1600.5415280569,"Construction"
1441236,"CLEARWATER PAPER CORPORATION",2631,56,6546750,32777211.6414881,4380039.14486525,-2038126.72393588,15131626.7239359,2631,2631.04099796905,"Manufacturing"
1442492,"Laredo Oil, Inc.",1311,56,-151826.392857143,607662.056572676,81202.2579513356,-310982.818441761,7330.03272747496,1311,1310.63080379606,"Mining"
1467373,"Accenture plc",7389,56,859287374.999999,352632510.158589,47122501.30184,766927272.448392,951647477.551605,7389,7389.54218055434,"Services"
1472494,"United States Brent Oil Fund, LP",6221,56,5113038.66071428,27929305.0825143,3732210.38105188,-2202093.68614741,12428171.007576,6221,6223.36381669998,"Finance/Insurance/Real Estate"
1474903,"BGSF, INC.",7363,56,1181055.91071429,2124154.56591221,283852.093649822,624705.807160635,1737406.01426794,7363,7363.45546300747,"Services"
1477246,"S&W SEED CO",100,56,-1390153.82142857,2719745.12773458,363441.230261805,-2102498.63274171,-677809.010115434,100,99.4643135515996,"Agriculture/Forestry/Fishing"
1479681,"NUTEX HEALTH INC.",7389,56,3329059.41071429,14447057.3835039,1930569.24914766,-454856.317615124,7112975.1390437,7389,7388.85706459751,"Services"
1481504,"XERIANT, INC.",3721,56,-302879.232142857,932964.202997736,124672.585776505,-547237.500264807,-58520.9640209072,3721,3721.0581671659,"Manufacturing"
1486957,"BWX TECHNOLOGIES, INC.",3510,56,44419035.7142857,39392203.4020874,5264004.60145435,34101586.6954352,54736484.7331362,3510,3509.05955592566,"Manufacturing"
1490906,"Capitol Federal Financial, Inc.",6035,56,19214035.7142857,5368224.54470169,717359.179340866,17808011.7227776,20620059.7057938,6035,6034.26103114228,"Finance/Insurance/Real Estate"
1493594,"MACOM Technology Solutions Holdings, Inc.",3674,56,-16279732.1428571,69440921.968767,9279433.52245821,-34467421.8468752,1907957.56116097,3674,3675.28295258529,"Manufacturing"
1497253,"Organovo Holdings, Inc.",2836,56,-18407750,14428752.5161646,1928123.15835859,-22186871.3903828,-14628628.6096172,2836,2835.23457184275,"Manufacturing"
1499961,"MULLEN AUTOMOTIVE INC.",3711,56,-2053091.44642857,2942827.45641927,393251.860368297,-2823865.09275044,-1282317.80010671,3711,3711.17628483772,"Manufacturing"
1500217,"AMERICAN ASSETS TRUST, INC.",6798,56,5774053.57142857,3263334.64374678,436081.434831802,4919333.95915824,6628773.1836989,6798,6799.6467744181,"Finance/Insurance/Real Estate"
1504008,"BankUnited, Inc.",6035,56,64853071.4285714,55708774.1082976,7444398.07680117,50262051.1980411,79444091.6591017,6035,6035.71249421949,"Finance/Insurance/Real Estate"
1504461,"NGL Energy Partners LP",4922,56,-43427339.2857142,117123143.819156,15651238.4368976,-74103766.6220335,-12750911.9493949,4922,4921.60025482154,"Transportation/Public Utilities"
1506251,"Citius Pharmaceuticals, Inc.",2834,56,-1822375.69642857,2306265.7966975,308187.73050276,-2426423.64821398,-1218327.74464316,2834,2833.67077729665,"Manufacturing"
1511737,"UBIQUITI INC.",3663,56,50531160.7142857,44940586.6065112,6005438.49436452,38760501.2653312,62301820.1632402,3663,3661.39580457824,"Manufacturing"
1517681,"PROPANC BIOPHARMA, INC.",2834,56,-1104384.46428571,1000452.3896182,133691.074061806,-1366418.96944685,-842349.959124574,2834,2833.69302413917,"Manufacturing"
1520697,"Acadia Healthcare Company, Inc.",8093,56,-1783392.85714282,119813443.464364,16010744.8490449,-33164452.7612709,29597667.0469852,8093,8091.64233569576,"Services"
1521951,"FIRST BUSINESS FINANCIAL SERVICES, INC.",6022,56,4079500,1617567.01701829,216156.484922442,3655833.28955201,4503166.71044799,6022,6020.51951329342,"Finance/Insurance/Real Estate"
1525306,"First America Resources Corporation",5065,56,-7911.96428571428,10047.903010469,1342.70751859677,-10543.6710221639,-5280.25754926462,5065,5066.20271748588,"Wholesale Trade"
1529377,"ARES COMMERCIAL REAL ESTATE CORPORATION",6798,56,5591375,6473166.10621389,865013.206326069,3895949.11560091,7286800.8843991,6798,6798.10217310548,"Finance/Insurance/Real Estate"
1530425,"ARTISAN CONSUMER GOODS, INC.",1000,56,-343367.821428572,2437915.17022503,325780.11803574,-981896.852778623,295161.209921479,1000,1001.59828156002,"Mining"
1530721,"CAPRI HOLDINGS LTD",3100,56,102429392.857143,129699103.738219,17331771.7700024,68459120.187938,136399665.526347,3100,3100.08398804335,"Manufacturing"
1530950,"Post Holdings, Inc.",2040,56,2721428.5714286,100678257.496182,13453698.0660042,-23647819.6379396,29090676.7807969,2040,2039.78368219055,"Manufacturing"
1538495,"EARTH SCIENCE TECH, INC.",2834,56,-432941.446428571,1565110.29473842,209146.660550855,-842868.901108248,-23013.9917488954,2834,2834.76990953752,"Manufacturing"
1544190,"SHEPHERD’S FINANCE, LLC",6153,56,90750.0000000001,364147.285386759,48661.2278657516,-4626.006616873,186126.006616873,6153,6153.46611954687,"Finance/Insurance/Real Estate"
1549966,"Silvercrest Asset Management Group Inc.",6282,56,1469428.57142857,1077682.02186904,144011.317775706,1187166.38858819,1751690.75426896,6282,6281.74256056137,"Finance/Insurance/Real Estate"
1552800,"TILE SHOP HOLDINGS, INC.",5700,56,3022446.42857143,2525938.32732344,337542.707177328,2360862.72250387,3684030.13463899,5700,5699.23435978685,"Retail Trade"
1564708,"NEWS CORPORATION",2711,56,-54732142.8571429,332892037.703267,44484569.7096664,-141921899.488089,32457613.7738033,2711,2712.13767738689,"Manufacturing"
1567514,"Intra-Cellular Therapies, Inc.",2834,56,-19943436.0535714,14928697.1854372,1994931.07495723,-23853500.9604876,-16033371.1466553,2834,2832.43266596407,"Manufacturing"
1570132,"ANVI GLOBAL HOLDINGS, INC.",5400,56,-30452.7321428571,27399.510698014,3661.41362847199,-37629.1028546622,-23276.361431052,5400,5399.69155720304,"Retail Trade"
1570585,"Liberty Global Ltd.",4841,56,-49098214.2857141,1880127577.53694,251242615.663161,-541533740.985509,443337312.414081,4841,4841.06553228307,"Transportation/Public Utilities"
1571996,"Dell Technologies Inc.",3571,56,-144875000,910267873.91005,121639661.227091,-383288736.005098,93538736.005099,3571,3570.71688032396,"Manufacturing"
1579877,"OUTFRONT Media Inc.",6798,56,21791071.4285714,39669962.4253813,5301121.71221331,11400872.8726333,32181269.9845095,6798,6796.84166050907,"Finance/Insurance/Real Estate"
1583107,"THERAVANCE BIOPHARMA, INC.",2834,56,-47712892.8571429,15467305.728452,2066905.66901261,-51764027.9684076,-43661757.7458781,2834,2835.55462783257,"Manufacturing"
1584509,"Aramark",5812,56,43451107.1428571,83435595.8562004,11149550.4841156,21597988.1939905,65304226.0917237,5812,5811.74998467864,"Retail Trade"
1589150,"REGEN BIOPHARMA, INC.",2834,56,-791603.696428572,2403859.88450693,321229.28905839,-1421213.10298302,-161994.289874128,2834,2834.26303132062,"Manufacturing"
1589526,"BLUE BIRD CORPORATION",3713,56,3661285.71428571,6835119.88779418,913381.314916091,1871058.33705018,5451513.09152125,3713,3710.59550682077,"Manufacturing"
1590976,"MALIBU BOATS, INC.",3730,56,6755392.85714285,9856093.16049273,1317075.84923892,4173924.19263457,9336861.52165114,3730,3732.28087374306,"Manufacturing"
1591698,"PAYLOCITY HOLDING CORPORATION",7372,56,4795410.71428571,11763890.1385504,1572015.94407515,1714259.46389842,7876561.96467301,7372,7371.99263185503,"Services"
1598665,"Heritage Insurance Holdings, Inc.",6331,56,6036428.57142857,10836143.8274578,1448040.62843401,3198268.93969792,8874588.20315922,6331,6331.695331401,"Finance/Insurance/Real Estate"
1600033,"e.l.f. Beauty, Inc.",2844,56,2176892.85714286,4458604.81104111,595806.129497779,1009112.84332721,3344672.8709585,2844,2845.10854780946,"Manufacturing"
1603345,"AGENTIX CORP.",2836,56,-880804.803571427,5692093.50819385,760637.990040768,-2371655.26405133,610045.656908478,2836,2836.06000514226,"Manufacturing"
1604028,"ADVANCED DRAINAGE SYSTEMS, INC.",3086,56,13591696.4285714,39623666.8772222,5294935.2093653,3213623.41821545,23969769.4389274,3086,3085.3236079112,"Manufacturing"
1604778,"Qorvo, Inc.",3674,56,37151285.7142857,78227834.5681763,10453634.1094052,16662162.8598514,57640408.56872,3674,3672.30423735342,"Manufacturing"
1606757,"KIMBALL ELECTRONICS, INC.",3672,56,7207857.14285714,3316141.62669686,443138.064754245,6339306.53593882,8076407.74977546,3672,3671.96617719843,"Manufacturing"
1609258,"PETROGAS COMPANY",1311,56,-1903671.60714286,14030910.4620705,1874959.27762749,-5578591.79129274,1771248.57700703,1311,1310.47427721392,"Mining"
1610250,"Boot Barn Holdings, Inc.",5661,56,7361803.57142858,13705224.493428,1831437.65940108,3772185.75900246,10951421.3838547,5661,5661.18998014992,"Retail Trade"
1613103,"Medtronic plc",3845,56,944892857.142855,445154423.811513,59486262.0753374,828299783.475194,1061485930.81052,3845,3845.88176165686,"Manufacturing"
1617242,"KEARNY FINANCIAL CORP.",6035,56,5634892.85714286,5112759.72686722,683221.25710118,4295779.19322455,6974006.52106117,6035,6034.62148242832,"Finance/Insurance/Real Estate"
1618732,"NUTANIX, INC.",7372,56,-86268749.9999999,81827496.8764389,10934659.218891,-107700682.069026,-64836817.9309735,7372,7370.89274974741,"Services"
1618921,"WALGREENS BOOTS ALLIANCE, INC.",5912,56,832410714.285712,620075677.98501,82861097.8889812,670002962.423309,994818466.148115,5912,5910.3040493962,"Retail Trade"
1624794,"CSW INDUSTRIALS, INC.",2891,56,7986392.85714285,6985687.49705377,933501.758037344,6156729.41138966,9816056.30289605,2891,2891.20704673157,"Manufacturing"
1625288,"NEXIEN BIOPHARMA, INC.",2834,56,-173633.303571429,365921.630686826,48898.3347299904,-269474.03964221,-77792.5675006475,2834,2835.70758021501,"Manufacturing"
1627223,"The Chemours Company",2800,56,93303571.4285714,99946152.7101389,13355866.4488403,67126073.1888444,119481069.668298,2800,2799.70233866637,"Manufacturing"
1628908,"Evolent Health, Inc.",8741,56,-13886357.1428571,64663849.5421945,8641070.36774253,-30822855.0636325,3050140.77791822,8741,8740.41880717838,"Services"
1629210,"PARAMOUNT GOLD NEVADA CORP.",1000,56,-1415390.94642857,667397.180089649,89184.6995998048,-1590192.95764419,-1240588.93521295,1000,1001.79603067329,"Mining"
1630113,"BIOTRICITY INC.",3841,56,-1331504.26785714,2018217.48541335,269695.655800471,-1860107.75322607,-802900.782488219,3841,3840.39313722523,"Manufacturing"
1633978,"Lumentum Holdings Inc.",3669,56,16033928.5714286,47498468.0204079,6347249.7760359,3593319.01039821,28474538.1324589,3669,3668.96419920148,"Manufacturing"
1634117,"BARNES & NOBLE EDUCATION, INC.",5940,56,-20349178.5714286,43797503.3327895,5852687.56669244,-31820446.2021457,-8877910.94071139,5940,5939.15908143269,"Retail Trade"
1636519,"MADISON SQUARE GARDEN SPORTS CORP.",7990,56,-22494821.4285714,47070943.1541591,6290119.36268484,-34823455.3794337,-10166187.4777091,7990,7990.7175746916,"Services"
1666138,"Atkore Inc.",3690,56,22452500,46372453.1787803,6196779.71354329,10306811.7614551,34598188.2385448,3690,3689.23818884721,"Manufacturing"
1694426,"DELEK US HOLDINGS, INC.",2911,56,-15801785.7142857,84745457.3544079,11324588.0894877,-37997978.3696816,6394406.94111028,2911,2910.41765534953,"Manufacturing"
